document,label,is_train
dataset/train/1008.3289v1.Analyzing_the_Social_Structure_and_Dynamics_of_E_mail_and_Spam_in_Massive_Backbone_Internet_Traffic.png,cs.SI,1
dataset/train/1009.0402v1.An_Applied_Study_on_Educational_Use_of_Facebook_as_a_Web_2_0_Tool__The_Sample_Lesson_of_Computer_Networks_and_Communication.png,cs.SI,1
dataset/train/1011.2245v1.A_Distributed_Method_for_Trust_Aware_Recommendation_in_Social_Networks.png,cs.SI,1
dataset/train/1011.6266v1.Characterizing_the_speed_and_paths_of_shared_bicycles_in_Lyon.png,cs.SI,1
dataset/train/1012.2699v2.Prognostic_Watch_of_the_Electric_Power_System.png,cs.SI,1
dataset/test/1012.5994v1.Toward_Emerging_Topic_Detection_for_Business_Intelligence__Predictive_Analysis_of__Meme__Dynamics.png,cs.SI,0
dataset/test/1101.5088v1.On_Sharing_Viral_Video_over_an_Ad_Hoc_Wireless_Network.png,cs.SI,0
dataset/test/1104.3219v1.On_Social_Temporal_Group_Query_with_Acquaintance_Constraint.png,cs.SI,0
dataset/test/1105.0903v1.A_Month_in_the_Life_of_Groupon.png,cs.SI,0
dataset/test/1107.5241v3.Flooding_Time_in_Opportunistic_Networks_under_Power_Law_and_Exponential_Inter_Contact_Times.png,cs.SI,0
dataset/train/0704.0860v1.Availability_assessment_of_SunOS_Solaris_Unix_Systems_based_on_Syslogd_and_wtmpx_logfiles___a_case_study.png,cs.PF,1
dataset/train/0704.0879v1.A_Hierarchical_Approach_for_Dependability_Analysis_of_a_Commercial_Cache_Based_RAID_Storage_Architecture.png,cs.PF,1
dataset/train/0705.1915v3.A_Technical_Report_On_Grid_Benchmarking_using_ATLAS_V_O.png,cs.PF,1
dataset/train/0710.4633v1.Nano_Sim__A_Step_Wise_Equivalent_Conductance_based_Statistical_Simulator_for_Nanotechnology_Circuit_Design.png,cs.PF,1
dataset/train/cs_0103014v1.Faster_than_light_effects_and_negative_group_delays_in_optics_and_electronics__and_their_applications.png,cs.PF,1
dataset/test/cs_0111034v1.Experiences_with_advanced_CORBA_services.png,cs.PF,0
dataset/test/cs_0205062v1.Minimizing_Cache_Misses_in_Scientific_Computing_Using_Isoperimetric_Bodies.png,cs.PF,0
dataset/test/cs_0301005v1.Modelling_Delay_Jitter_in_Voice_over_IP.png,cs.PF,0
dataset/test/cs_0304015v1.A_Performance_Study_of_Monitoring_and_Information_Services_for_Distributed_Systems.png,cs.PF,0
dataset/test/cs_0305054v1.A_Monitoring_System_for_the_BaBar_INFN_Computing_Cluster.png,cs.PF,0
dataset/train/2311.16643v2.Simplifying_modular_lattices_by_removing_doubly_irreducible_elements.png,cs.DM,1
dataset/train/2504.11450v1.Optimal_Hardness_of_Online_Algorithms_for_Large_Independent_Sets.png,cs.DM,1
dataset/train/cs_0010036v1.Lattice_Structure_and_Convergence_of_a_Game_of_Cards.png,cs.DM,1
dataset/train/cs_0011031v1.SimLab_1_1__Software_for_Sensitivity_and_Uncertainty_Analysis__tool_for_sound_modelling.png,cs.DM,1
dataset/train/cs_0106001v1.Approximating_the_satisfiability_threshold_for_random_k_XOR_formulas.png,cs.DM,1
dataset/test/cs_0106002v2.Solving_Assembly_Line_Balancing_Problems_by_Combining_IP_and_CP.png,cs.DM,0
dataset/test/cs_0111061v2.On_a_Special_Case_of_the_Generalized_Neighbourhood_Problem.png,cs.DM,0
dataset/test/cs_0209005v1.Sampling_from_a_couple_of_positively_correlated_binomial_variables.png,cs.DM,0
dataset/test/cs_0301025v1.PHORMA__Perfectly_Hashed_Order_Restricted_Multidimensional_Array.png,cs.DM,0
dataset/test/cs_0305006v1.On_the_Ramsey_Numbers_for_Bipartite_Multigraphs.png,cs.DM,0
dataset/train/0705.0742v1.MIMO_detection_employing_Markov_Chain_Monte_Carlo.png,cs.GL,1
dataset/train/0706.0484v1.Motivation__Design__and_Ubiquity__A_Discussion_of_Research_Ethics_and_Computer_Science.png,cs.GL,1
dataset/train/0712.2594v1.Stop_That_Subversive_Spreadsheet_.png,cs.GL,1
dataset/train/0804.0879v1.The_equations_of_the_ideal_latches.png,cs.GL,1
dataset/train/cs_0012003v1.Questions_for_a_Materialist_Philosophy_Implying_the_Equivalence_of_Computers_and_Human_Cognition.png,cs.GL,1
dataset/test/cs_0106022v1.One_More_Revolution_to_Make__Free_Scientific_Publishing.png,cs.GL,0
dataset/test/cs_0110018v2.ENUM__The_Collision_of_Telephony_and_DNS_Policy.png,cs.GL,0
dataset/test/cs_0210001v1.Edsger_Wybe_Dijkstra__1930____2002___A_Portrait_of_a_Genius.png,cs.GL,0
dataset/test/cs_0306132v1.Classical_and_Nonextensive_Information_Theory.png,cs.GL,0
dataset/test/cs_0402037v2.The_pre_history_of_quantum_computation.png,cs.GL,0
dataset/train/cs_0002008v1.On_Automata_with_Boundary.png,cs.DC,1
dataset/train/cs_0003054v1.A_Problem_Specific_Fault_Tolerance_Mechanism_for_Asynchronous__Distributed_Systems.png,cs.DC,1
dataset/train/cs_0004013v1.Sorting_Integers_on_the_AP1000.png,cs.DC,1
dataset/train/cs_0006004v1.A_Note_on__Optimal_Static_Load_Balancing_in_Distributed_Computer_Systems_.png,cs.DC,1
dataset/train/cs_0006008v1.Performing_work_efficiently_in_the_presence_of_faults.png,cs.DC,1
dataset/test/cs_0007015v1.Phase_Clocks_for_Transient_Fault_Repair.png,cs.DC,0
dataset/test/cs_0009021v1.Nimrod_G__An_Architecture_of_a_Resource_Management_and_Scheduling_System_in_a_Global_Computational_Grid.png,cs.DC,0
dataset/test/cs_0012024v4.Byzantine_Agreement_with_Faulty_Majority_using_Bounded_Broadcast.png,cs.DC,0
dataset/test/cs_0102016v1.A_Scientific_Data_Management_System_for_Irregular_Applications.png,cs.DC,0
dataset/test/cs_0102017v1.Components_and_Interfaces_of_a_Process_Management_System_for_Parallel_Programs.png,cs.DC,0
dataset/train/cs_0111029v1.Versatile_Data_Acquisition_and_Controls_for_Epics_Using_Vme_Based_Fpgas.png,cs.AR,1
dataset/train/cs_0111030v1.A_Dual_Digital_Signal_Processor_VME_Board_For_Instrumentation_And_Control_Applications.png,cs.AR,1
dataset/train/cs_0111032v1.SNS_Timing_System.png,cs.AR,1
dataset/train/cs_0207012v1.Synthesis_of_Low_Power_Digital_Circuits_Derived_from_Binary_Decision_Diagrams.png,cs.AR,1
dataset/train/cs_0207014v1.On_the_Information_Engine_of_Circuit_Design.png,cs.AR,1
dataset/test/cs_0405015v1.A_High_Level_Reconfigurable_Computing_Platform_Software_Frameworks.png,cs.AR,0
dataset/test/cs_0407032v1.Exposing_Software_Defined_Radio_Functionality_To_Native_Operating_System_Applications_via_Virtual_Devices.png,cs.AR,0
dataset/test/cs_0409025v1.Topics_in_asynchronous_systems.png,cs.AR,0
dataset/test/cs_0412040v1.Data_stationary_Architecture_to_Execute_Quantum_Algorithms_Classically.png,cs.AR,0
dataset/test/cs_0503066v1.A_Practical_Approach_for_Circuit_Routing_on_Dynamic_Reconfigurable_Devices.png,cs.AR,0
dataset/train/cs_9308101v1.Dynamic_Backtracking.png,cs.AI,1
dataset/train/cs_9308102v1.A_Market_Oriented_Programming_Environment_and_its_Application_to_Distributed_Multicommodity_Flow_Problems.png,cs.AI,1
dataset/train/cs_9309101v1.An_Empirical_Analysis_of_Search_in_GSAT.png,cs.AI,1
dataset/train/cs_9311101v1.The_Difficulties_of_Learning_Logic_Programs_with_Cut.png,cs.AI,1
dataset/train/cs_9311102v1.Software_Agents__Completing_Patterns_and_Constructing_User_Interfaces.png,cs.AI,1
dataset/test/cs_9312101v1.Decidable_Reasoning_in_Terminological_Knowledge_Representation_Systems.png,cs.AI,0
dataset/test/cs_9401101v1.Teleo_Reactive_Programs_for_Agent_Control.png,cs.AI,0
dataset/test/cs_9402101v1.Learning_the_Past_Tense_of_English_Verbs__The_Symbolic_Pattern_Associator_vs__Connectionist_Models.png,cs.AI,0
dataset/test/cs_9402102v1.Substructure_Discovery_Using_Minimum_Description_Length_and_Background_Knowledge.png,cs.AI,0
dataset/test/cs_9402103v1.Bias_Driven_Revision_of_Logical_Domain_Theories.png,cs.AI,0
dataset/train/cs_0003005v1.Don_t_Trash_your_Intermediate_Results__Cache__em.png,cs.DB,1
dataset/train/cs_0003006v1.Materialized_View_Selection_and_Maintenance_Using_Multi_Query_Optimization.png,cs.DB,1
dataset/train/cs_0007044v2.Managing_Periodically_Updated_Data_in_Relational_Databases__A_Stochastic_Modeling_Approach.png,cs.DB,1
dataset/train/cs_0011024v1.Algorithms_for_Rewriting_Aggregate_Queries_Using_Views.png,cs.DB,1
dataset/train/cs_0011041v1.EquiX___A_Search_and_Query_Language_for_XML.png,cs.DB,1
dataset/test/cs_0103004v1.Rapid_Application_Evolution_and_Integration_Through_Document_Metamorphosis.png,cs.DB,0
dataset/test/cs_0106055v1.A_Seamless_Integration_of_Association_Rule_Mining_with_Database_Systems.png,cs.DB,0
dataset/test/cs_0109084v1.The_Internet_and_Community_Networks__Case_Studies_of_Five_U_S__Cities.png,cs.DB,0
dataset/test/cs_0110020v1.Structuring_Business_Metadata_in_Data_Warehouse_Systems_for_Effective_Business_Support.png,cs.DB,0
dataset/test/cs_0110044v1.EquiX__A_Search_and_Query_Language_for_XML.png,cs.DB,0
dataset/train/0912.2032v1.Institutional_Repository_saber_ula_ve__A_testimonial_perspective.png,cs.DL,1
dataset/train/2504.08619v3.Analyzing_16_193_LLM_Papers_for_Fun_and_Profits.png,cs.DL,1
dataset/train/2504.10552v1.LEMUR_Neural_Network_Dataset__Towards_Seamless_AutoML.png,cs.DL,1
dataset/train/cs_0101027v1.Open_Archives_Initiative_protocol_development_and_implementation_at_arXiv.png,cs.DL,1
dataset/train/cs_0106057v1.Exposing_and_harvesting_metadata_using_the_OAI_metadata_harvesting_protocol__A_tutorial.png,cs.DL,1
dataset/test/cs_0112017v1.Using_Structural_Metadata_to_Localize_Experience_of_Digital_Content.png,cs.DL,0
dataset/test/cs_9812009v1.Vocal_Access_to_a_Newspaper_Archive__Design_Issues_and_Preliminary_Investigation.png,cs.DL,0
dataset/test/cs_9812020v1.The_Computing_Research_Repository__Promoting_the_Rapid_Dissemination_and_Archiving_of_Computer_Science_Research.png,cs.DL,0
dataset/test/cs_9901009v1.Competition_and_cooperation__Libraries_and_publishers_in_the_transition_to_electronic_scholarly_journals.png,cs.DL,0
dataset/test/cs_9902003v1.MyLibrary__A_Model_for_Implementing_a_User_centered__Customizable_Interface_to_a_Library_s_Collection_of_Information_Resources.png,cs.DL,0
dataset/train/0710.4819v1.A_High_Quality_Low_Computational_Cost_Technique_for_Block_Matching_Motion_Estimation.png,cs.MM,1
dataset/train/0710.4821v1.Multimedia_Applications_of_Multiprocessor_Systems_on_Chips.png,cs.MM,1
dataset/train/0710.4823v1.A_Coprocessor_for_Accelerating_Visual_Information_Processing.png,cs.MM,1
dataset/train/0804.0134v1.SecMon__End_to_End_Quality_and_Security_Monitoring_System.png,cs.MM,1
dataset/train/0808.0309v1.A_Reliable_SVD_based_Watermarking_Schem.png,cs.MM,1
dataset/test/0809.5154v1.An_Export_Architecture_for_a_Multimedia_Authoring_Environment.png,cs.MM,0
dataset/test/0810.2063v1.Initial_Offset_Placement_in_p2p_Live_Streaming_Systems.png,cs.MM,0
dataset/test/0811.1959v1.Characterization_and_collection_of_information_from_heterogeneous_multimedia_sources_with_users__parameters_for_decision_support.png,cs.MM,0
dataset/test/0812.2529v1.Kalinahia__Considering_Quality_of_Service_to_Design_and_Execute_Distributed_Multimedia_Applications.png,cs.MM,0
dataset/test/0812.2988v1.The_Korrontea_Data_Modeling.png,cs.MM,0
dataset/train/2412.03843v2.Using_Cooperative_Co_evolutionary_Search_to_Generate_Metamorphic_Test_Cases_for_Autonomous_Driving_Systems.png,cs.NE,1
dataset/train/2504.11419v1.Embodied_World_Models_Emerge_from_Navigational_Task_in_Open_Ended_Environments.png,cs.NE,1
dataset/train/cs_0110021v1.Alife_Model_of_Evolutionary_Emergence_of_Purposeful_Adaptive_Behavior.png,cs.NE,1
dataset/train/cs_0201024v2.Design_of_statistical_quality_control_procedures_using_genetic_algorithms.png,cs.NE,1
dataset/train/cs_0210012v1.Selection_of_future_events_from_a_time_series_in_relation_to_estimations_of_forecasting_uncertainty.png,cs.NE,1
dataset/test/cs_0302002v1.Optimizing_GoTools__Search_Heuristics_using_Genetic_Algorithms.png,cs.NE,0
dataset/test/cs_0306125v1.Predicting_Response_Function_Results_of_Electrical_Mechanical_Systems_Through_Artificial_Neural_Network.png,cs.NE,0
dataset/test/cs_0309038v1.A_novel_evolutionary_formulation_of_the_maximum_independent_set_problem.png,cs.NE,0
dataset/test/cs_0309039v1.Two_novel_evolutionary_formulations_of_the_graph_coloring_problem.png,cs.NE,0
dataset/test/cs_0310009v3.On_Interference_of_Signals_and_Generalization_in_Feedforward_Neural_Networks.png,cs.NE,0
dataset/train/2504.03737v2.PrediHealth__Telemedicine_and_Predictive_Algorithms_for_the_Care_and_Prevention_of_Patients_with_Chronic_Heart_Failure.png,cs.OH,1
dataset/train/cs_0002018v2.Efficient_generation_of_rotating_workforce_schedules.png,cs.OH,1
dataset/train/cs_0003075v1.On_the_theory_of_system_administration.png,cs.OH,1
dataset/train/cs_0007034v1.The_Competitiveness_of_On_Line_vis_a_vis_Conventional_Retailing__A_Preliminary_Study.png,cs.OH,1
dataset/train/cs_0012016v1.A_Virtual_Java_Simulation_Lab_for_Computer_Science_Students.png,cs.OH,1
dataset/test/cs_0110029v3.How_to_Commission__Operate_and_Maintain_a_Large_Future_Accelerator_Complex_from_Far_Remote.png,cs.OH,0
dataset/test/cs_0110066v1.Overview_of_the_Experimental_Physics_and_Industrial_Control_System__EPICS__Channel_Archiver.png,cs.OH,0
dataset/test/cs_0111001v1.Integrating_LabVIEW_into_a_Distributed_Computing_Environment.png,cs.OH,0
dataset/test/cs_0111002v1.L_Fuzzy_Valued_Inclusion_Measure__L_Fuzzy_Similarity_and_L_Fuzzy_Distance.png,cs.OH,0
dataset/test/cs_0111017v1.First_Experiences_Integrating_PC_Distributed_I_O_Into_Argonne_s_ATLAS_Control_System.png,cs.OH,0
dataset/train/cs_9301111v1.Nested_satisfiability.png,cs.CC,1
dataset/train/cs_9301113v1.Textbook_examples_of_recursion.png,cs.CC,1
dataset/train/cs_9808002v1.Downward_Collapse_from_a_Weaker_Hypothesis.png,cs.CC,1
dataset/train/cs_9809001v1.Immunity_and_Simplicity_for_Exact_Counting_and_Other_Counting_Classes.png,cs.CC,1
dataset/train/cs_9809002v1.Tally_NP_Sets_and_Easy_Census_Functions.png,cs.CC,1
dataset/test/cs_9809114v1.The_descriptive_complexity_approach_to_LOGCFL.png,cs.CC,0
dataset/test/cs_9809115v1.A_Generalized_Quantifier_Concept_in_Computational_Complexity_Theory.png,cs.CC,0
dataset/test/cs_9809116v1.The_Complexity_of_Computing_Optimal_Assignments_of_Generalized_Propositional_Formulae.png,cs.CC,0
dataset/test/cs_9809117v2.Hard_instance_generation_for_SAT.png,cs.CC,0
dataset/test/cs_9906017v1.Generalization_of_automatic_sequences_for_numeration_systems_on_a_regular_language.png,cs.CC,0
dataset/train/cs_0001004v1.Multiplicative_Algorithm_for_Orthgonal_Groups_and_Independent_Component_Analysis.png,cs.LG,1
dataset/train/cs_0002006v1.Multiplicative_Nonholonomic_Newton__like_Algorithm.png,cs.LG,1
dataset/train/cs_0009001v3.Complexity_analysis_for_algorithmically_simple_strings.png,cs.LG,1
dataset/train/cs_0009007v1.Robust_Classification_for_Imprecise_Environments.png,cs.LG,1
dataset/train/cs_0011032v1.Top_down_induction_of_clustering_trees.png,cs.LG,1
dataset/test/cs_0011044v1.Scaling_Up_Inductive_Logic_Programming_by_Learning_from_Interpretations.png,cs.LG,0
dataset/test/cs_0103003v1.Learning_Policies_with_External_Memory.png,cs.LG,0
dataset/test/cs_0110036v1.Efficient_algorithms_for_decision_tree_cross_validation.png,cs.LG,0
dataset/test/cs_0211003v1.Evaluation_of_the_Performance_of_the_Markov_Blanket_Bayesian_Classifier_Algorithm.png,cs.LG,0
dataset/test/cs_0211007v1.Approximating_Incomplete_Kernel_Matrices_by_the_em_Algorithm.png,cs.LG,0
dataset/train/1102.2256v1.Noise_based_information_processing__Noise_based_logic_and_computing__what_do_we_have_so_far_.png,cs.ET,1
dataset/train/1106.6062v2.The_Life_and_Death_of_Unwanted_Bits__Towards_Proactive_Waste_Data_Management_in_Digital_Ecosystems.png,cs.ET,1
dataset/train/1107.4171v1.Next_Generation_High_Speed_Computing_Using_Photonic_Based_Technolog.png,cs.ET,1
dataset/train/1107.4417v1.Frequency_Domain_Approach_for_Activity_Classification_using_Accelerometer.png,cs.ET,1
dataset/train/1110.2286v1.Power_aware_physical_model_for_3d_IC_s.png,cs.ET,1
dataset/test/1110.3959v1.Parallel_Algorithms_for_DNA_Probe_Placement_on_Small_Oligonucleotide_Arrays.png,cs.ET,0
dataset/test/1201.1601v1.Temporal_Psychovisual_Modulation__a_new_paradigm_of_information_display.png,cs.ET,0
dataset/test/1201.2043v1.A_New_Full_Adder_Cell_for_Molecular_Electronics.png,cs.ET,0
dataset/test/1202.2075v1.Informed_Source_Separation_using_Iterative_Reconstruction.png,cs.ET,0
dataset/test/1202.5012v3.Asynchronous_Signal_Passing_for_Tile_Self_Assembly__Fuel_Efficient_Computation_and_Efficient_Assembly_of_Shapes.png,cs.ET,0
dataset/train/0706.2748v2.A_Survey_of_Unix_Init_Schemes.png,cs.OS,1
dataset/train/0710.4635v1.OS_Debugging_Method_Using_a_Lightweight_Virtual_Machine_Monitor.png,cs.OS,1
dataset/train/0710.4746v1.RTK_Spec_TRON__A_Simulation_Model_of_an_ITRON_Based_RTOS_Kernel_in_SystemC.png,cs.OS,1
dataset/train/0712.2958v2.Power_Aware_Real_Time_Scheduling_upon_Identical_Multiprocessor_Platforms.png,cs.OS,1
dataset/train/0801.4292v1.Exact_Feasibility_Tests_for_Real_Time_Scheduling_of_Periodic_Tasks_upon_Multiprocessor_Platforms.png,cs.OS,1
dataset/test/0803.4308v2.Discrete_Frequency_Selection_of_Frame_Based_Stochastic_Real_Time_Tasks.png,cs.OS,0
dataset/test/0805.0200v2._m_k__firm_constraints_and_DBP_scheduling__impact_of_the_initial_k_sequence_and_exact_schedulability_test.png,cs.OS,0
dataset/test/0805.3237v1.Integrating_Job_Parallelism_in_Real_Time_Scheduling_Theory.png,cs.OS,0
dataset/test/0806.0132v1.Control_theoretic_dynamic_voltage_scaling_for_embedded_controllers.png,cs.OS,0
dataset/test/0806.1381v1.Feedback_Scheduling__An_Event_Driven_Paradigm.png,cs.OS,0
dataset/train/2504.11457v1.Aligning_Generative_Denoising_with_Discriminative_Objectives_Unleashes_Diffusion_for_Visual_Perception.png,cs.CV,1
dataset/train/cs_0001024v1.A_Parallel_Algorithm_for_Dilated_Contour_Extraction_from_Bilevel_Images.png,cs.CV,1
dataset/train/cs_0003065v1.Image_Compression_with_Iterated_Function_Systems__Finite_Automata_and_Zerotrees__Grand_Unification.png,cs.CV,1
dataset/train/cs_0003079v1.Differential_Invariants_under_Gamma_Correction.png,cs.CV,1
dataset/train/cs_0005001v1.Robustness_of_Regional_Matching_Scheme_over_Global_Matching_Scheme.png,cs.CV,1
dataset/test/cs_0006001v1.Boosting_the_Differences__A_fast_Bayesian_classifier_neural_network.png,cs.CV,0
dataset/test/cs_0006002v1.Distorted_English_Alphabet_Identification___An_application_of_Difference_Boosting_Algorithm.png,cs.CV,0
dataset/test/cs_0006047v1.Geometric_Morphology_of_Granular_Materials.png,cs.CV,0
dataset/test/cs_0208005v1.Probabilistic_Search_for_Object_Segmentation_and_Recognition.png,cs.CV,0
dataset/test/cs_0301001v1.Least_squares_fitting_of_circles_and_lines.png,cs.CV,0
dataset/train/cs_9301101v1.Verifying_the_Unification_Algorithm_in_LCF.png,cs.LO,1
dataset/train/cs_9301102v1.Constructing_Recursion_Operators_in_Intuitionistic_Type_Theory.png,cs.LO,1
dataset/train/cs_9301103v1.Proving_Termination_of_Normalization_Functions_for_Conditional_Expressions.png,cs.LO,1
dataset/train/cs_9301104v1.Natural_Deduction_as_Higher_Order_Resolution.png,cs.LO,1
dataset/train/cs_9301105v1.The_Foundation_of_a_Generic_Theorem_Prover.png,cs.LO,1
dataset/test/cs_9301106v1.Isabelle__The_Next_700_Theorem_Provers.png,cs.LO,0
dataset/test/cs_9301107v1.A_Formulation_of_the_Simple_Theory_of_Types__for_Isabelle_.png,cs.LO,0
dataset/test/cs_9301108v1.A_Higher_Order_Implementation_of_Rewriting.png,cs.LO,0
dataset/test/cs_9301109v1.Logic_Programming__Functional_Programming__and_Inductive_Definitions.png,cs.LO,0
dataset/test/cs_9301110v1.Designing_a_Theorem_Prover.png,cs.LO,0
dataset/train/cs_9809020v1.Linear_Segmentation_and_Segment_Significance.png,cs.CL,1
dataset/train/cs_9809022v1.Modelling_Users__Intentions__and_Structure_in_Spoken_Dialog.png,cs.CL,1
dataset/train/cs_9809024v2.A_Lexicalized_Tree_Adjoining_Grammar_for_English.png,cs.CL,1
dataset/train/cs_9809026v1.Prefix_Probabilities_from_Stochastic_Tree_Adjoining_Grammars.png,cs.CL,1
dataset/train/cs_9809027v1.Conditions_on_Consistency_of_Probabilistic_Tree_Adjoining_Grammars.png,cs.CL,1
dataset/test/cs_9809028v1.Separating_Dependency_from_Constituency_in_a_Tree_Rewriting_System.png,cs.CL,0
dataset/test/cs_9809029v1.Incremental_Parser_Generation_for_Tree_Adjoining_Grammars.png,cs.CL,0
dataset/test/cs_9809050v1.A_Freely_Available_Morphological_Analyzer__Disambiguator_and_Context_Sensitive_Lemmatizer_for_German.png,cs.CL,0
dataset/test/cs_9809106v1.Processing_Unknown_Words_in_HPSG.png,cs.CL,0
dataset/test/cs_9809107v1.Computing_Declarative_Prosodic_Morphology.png,cs.CL,0
dataset/train/cs_0011014v1.Chip_level_CMP_Modeling_and_Smart_Dummy_for_HDP_and_Conformal_CVD_Films.png,cs.CE,1
dataset/train/cs_0102003v1.Fast_Pricing_of_European_Asian_Options_with_Provable_Accuracy__Single_stock_and_Basket_Options.png,cs.CE,1
dataset/train/cs_0104013v1.Shooting_Over_or_Under_the_Mark__Towards_a_Reliable_and_Flexible_Anticipation_in_the_Economy.png,cs.CE,1
dataset/train/cs_0104014v1.Tracing_a_Faint_Fingerprint_of_the_Invisible_Hand_.png,cs.CE,1
dataset/train/cs_0105004v1.Parallel_implementation_of_the_TRANSIMS_micro_simulation.png,cs.CE,1
dataset/test/cs_0110067v1.Analysis_of_Investment_Policy_in_Belarus.png,cs.CE,0
dataset/test/cs_0201026v1.An_Empirical_Model_for_Volatility_of_Returns_and_Option_Pricing.png,cs.CE,0
dataset/test/cs_0203023v1.Agent_trade_servers_in_financial_exchange_systems.png,cs.CE,0
dataset/test/cs_0204051v1.Parrondo_Strategies_for_Artificial_Traders.png,cs.CE,0
dataset/test/cs_0204056v1.Trading_Agents_for_Roaming_Users.png,cs.CE,0
dataset/train/2503.19887v4.AI_threats_to_national_security_can_be_countered_through_an_incident_regime.png,cs.CY,1
dataset/train/2504.11373v1.Cancer_Myth__Evaluating_AI_Chatbot_on_Patient_Questions_with_False_Presuppositions.png,cs.CY,1
dataset/train/2504.11431v1.Masculine_Defaults_via_Gendered_Discourse_in_Podcasts_and_Large_Language_Models.png,cs.CY,1
dataset/train/cs_0001011v1.Agents_of_Choice__Tools_that_Facilitate_Notice_and_Choice_about_Web_Site_Data_Practices.png,cs.CY,1
dataset/train/cs_0005007v1.Scientific_Collaboratories_as_Socio_Technical_Interaction_Networks__A_Theoretical_Approach.png,cs.CY,1
dataset/test/cs_0108014v1.What_s_Fit_To_Print__The_Effect_Of_Ownership_Concentration_On_Product_Variety_In_Daily_Newspaper_Markets.png,cs.CY,0
dataset/test/cs_0108015v1.Spiders_and_Crawlers_and_Bots__Oh_My__The_Economic_Efficiency_and_Public_Policy_of_Contracts_that_Restrict_Data_Collection.png,cs.CY,0
dataset/test/cs_0109007v2.Voice_vs_Data__Estimates_of_Media_Usage_and_Network_Traffic.png,cs.CY,0
dataset/test/cs_0109008v1.The_Role_of_Incentives_for_Opening_Monopoly_Markets__Comparing_GTE_and_BOC_Cooperation_with_Local_Entrants.png,cs.CY,0
dataset/test/cs_0109009v1.The_Effect_of_Native_Language_on_Internet_Usage.png,cs.CY,0
dataset/train/1008.3222v1.Proofs_for_an_Abstraction_of_Continuous_Dynamical_Systems_Utilizing_Lyapunov_Functions.png,cs.SY,1
dataset/train/1009.3455v1.A_control_theoretical_methodology_for_the_scheduling_problem.png,cs.SY,1
dataset/train/1009.3888v7.A_General_Proof_of_Convergence_for_Adaptive_Distributed_Beamforming_Schemes.png,cs.SY,1
dataset/train/1010.2128v1.Parameter_Selection_in_Periodic_Nonuniform_Sampling_of_Multiband_Signals.png,cs.SY,1
dataset/train/1010.3909v1.Diffieties_and_Liouvillian_Systems.png,cs.SY,1
dataset/test/1011.1519v1.Fuzzy_Controller_for_Matrix_Converter_System_to_Improve_its_Quality_of_Output.png,cs.SY,0
dataset/test/1011.1738v1.Regulating_Response_Time_in_an_Autonomic_Computing_System__A_Comparision_of_Proportional_Control_and_Fuzzy_Control_Approaches.png,cs.SY,0
dataset/test/1012.4845v1.Directed_factor_graph_based_fault_diagnosis_model_construction_for_mode_switching_satellite_power_system.png,cs.SY,0
dataset/test/1012.5113v1.Timed_Game_Abstraction_of_Control_Systems.png,cs.SY,0
dataset/test/1101.3500v1.Computation_for_Supremal_Simulation_Based_Controllable_and_Strong_Observable_Subautomata.png,cs.SY,0
dataset/train/cs_0011029v1.Systematic_Debugging_of_Attribute_Grammars.png,cs.SE,1
dataset/train/cs_0012009v1.Finding_Failure_Causes_through_Automated_Testing.png,cs.SE,1
dataset/train/cs_0012014v1.Slicing_of_Constraint_Logic_Programs.png,cs.SE,1
dataset/train/cs_0105008v1.Applying_Slicing_Technique_to_Software_Architectures.png,cs.SE,1
dataset/train/cs_0105009v1.Using_Dependence_Analysis_to_Support_Software_Architecture_Understanding.png,cs.SE,1
dataset/test/cs_9810022v1.Broy_Lamport_Specification_Problem__A_Gurevich_Abstract_State_Machine_Solution.png,cs.SE,0
dataset/test/cs_9810023v1.Equivalence_is_in_the_Eye_of_the_Beholder.png,cs.SE,0
dataset/test/cs_9810024v1.Evolving_Algebras_and_Partial_Evaluation.png,cs.SE,0
dataset/test/cs_9810025v1.An_Offline_Partial_Evaluator_for_Evolving_Algebras.png,cs.SE,0
dataset/test/cs_9810026v1.The_Railroad_Crossing_Problem__An_Experiment_with_Instantaneous_Actions_and_Immediate_Reactions.png,cs.SE,0
dataset/train/2503.20332v4.Bounded_Exhaustive_Random_Program_Generation_for_Testing_Solidity_Compilers_and_Analyzers.png,cs.PL,1
dataset/train/cs_0001009v1.Fractal_Symbolic_Analysis.png,cs.PL,1
dataset/train/cs_0003010v1.TSIA__A_Dataflow_Model.png,cs.PL,1
dataset/train/cs_0004006v1.On_Redundancy_Elimination_Tolerant_Scheduling_Rules.png,cs.PL,1
dataset/train/cs_0004011v1.Task_Frames.png,cs.PL,1
dataset/test/cs_0005002v1.Application_Software__Domain_Specific_Languages__and_Language_Design_Assistants.png,cs.PL,0
dataset/test/cs_0005023v1.C___programming_language_for_an_abstract_massively_parallel_SIMD_architecture.png,cs.PL,0
dataset/test/cs_0005033v1.Multimethods_and_separate_static_typechecking_in_a_language_with_C___like_object_model.png,cs.PL,0
dataset/test/cs_0006034v1.Type_Classes_and_Constraint_Handling_Rules.png,cs.PL,0
dataset/test/cs_0009029v1.The_Concurrent_Language_Aldwych.png,cs.PL,0
dataset/train/cs_0206032v1.A_correct_proof_of_the_heuristic_GCD_algorithm.png,cs.SC,1
dataset/train/cs_0207006v1.Orthonormal_RBF_wavelet_and_ridgelet_like_series_and_transforms_for_high_dimensional_problems.png,cs.SC,1
dataset/train/cs_0207034v1.A_Note_on_the_DQ_Analysis_of_Anisotropic_Plates.png,cs.SC,1
dataset/train/cs_0208031v1.Parameterized_Type_Definitions_in_Mathematica__Methods_and_Advantages.png,cs.SC,1
dataset/train/cs_0301029v1.Size_reduction_and_partial_decoupling_of_systems_of_equations.png,cs.SC,1
dataset/test/cs_0304003v2.TCTL_Inevitability_Analysis_of_Dense_time_Systems.png,cs.SC,0
dataset/test/cs_0304004v2.Quasi_Optimal_Arithmetic_for_Quaternion_Polynomials.png,cs.SC,0
dataset/test/cs_0309008v1.Digital_Version_of_Green_s_Theorem_and_its_Application_to_The_Coverage_Problem_in_Formal_Verification.png,cs.SC,0
dataset/test/cs_0404008v2.Efficient_dot_product_over_word_size_finite_fields.png,cs.SC,0
dataset/test/cs_0405060v1.An_unexpected_application_of_minimization_theory_to_module_decompositions.png,cs.SC,0
dataset/train/0803.0197v1.DSP_Based_System_for_Real_time_Voice_Synthesis_Applications_Development.png,cs.SD,1
dataset/train/0812.0706v1.Which_notes_are_Vadi_Samvadi_in_Raga_Rageshree_.png,cs.SD,1
dataset/train/0901.2416v1.TR01__Time_continuous_Sparse_Imputation.png,cs.SD,1
dataset/train/0901.3902v1.iKlax__a_New_Musical_Audio_Format_for_Active_Listening.png,cs.SD,1
dataset/train/0903.3080v1.A_Unified_Theory_of_Time_Frequency_Reassignment.png,cs.SD,1
dataset/test/0903.3198v1.TR02__State_dependent_oracle_masks_for_improved_dynamical_features.png,cs.SD,0
dataset/test/0909.2363v1.Improvement_of_Text_Dependent_Speaker_Identification_System_Using_Neuro_Genetic_Hybrid_Algorithm_in_Office_Environmental_Conditions.png,cs.SD,0
dataset/test/0911.3538v1.Noise_Speech_wavelet_analyzing_in_special_time_ranges.png,cs.SD,0
dataset/test/0911.5171v1.Untangling_Phase_and_Time_in_Monophonic_Sounds.png,cs.SD,0
dataset/test/0912.0745v1.A_Digital_Guitar_Tuner.png,cs.SD,0
dataset/train/0705.1757v1.Scalability_and_Optimisation_of_a_Committee_of_Agents_Using_Genetic_Algorithm.png,cs.MA,1
dataset/train/0705.3050v1.A_competitive_multi_agent_model_of_interbank_payment_systems.png,cs.MA,1
dataset/train/0707.1558v1.Autonomy_with_regard_to_an_Attribute.png,cs.MA,1
dataset/train/0802.4450v1.A_Study_On_Distributed_Model_Predictive_Consensus.png,cs.MA,1
dataset/train/0806.3031v1.Multi_Site_Coordination_using_a_Multi_Agent_System.png,cs.MA,1
dataset/test/cs_0306119v1.A_Method_for_Solving_Distributed_Service_Allocation_Problems.png,cs.MA,0
dataset/test/cs_0401025v1.Running_C___models_undet_the_Swarm_environment.png,cs.MA,0
dataset/test/cs_0401026v1.EcoLab__Agent_Based_Modeling_for_C___programmers.png,cs.MA,0
dataset/test/cs_0407025v1.An_agent_framework_for_dynamic_agent_retraining__Agent_academy.png,cs.MA,0
dataset/test/cs_0502094v1.Coalition_Formation__Concessions__Task_Relationships_and_Complexity_Reduction.png,cs.MA,0
dataset/train/cs_0201010v1.Bundling_Equilibrium_in_Combinatorial_auctions.png,cs.GT,1
dataset/train/cs_0202015v2.Combinatorial_Auctions_with_Decreasing_Marginal_Utilities.png,cs.GT,1
dataset/train/cs_0202017v1.Truth_Revelation_in_Approximately_Efficient_Combinatorial_Auctions.png,cs.GT,1
dataset/train/cs_0202023v2.Expected_Qualitative_Utility_Maximization.png,cs.GT,1
dataset/train/cs_0202028v1.Classes_of_service_under_perfect_competition_and_technological_change__a_model_for_the_dynamics_of_the_Internet_.png,cs.GT,1
dataset/test/cs_0202029v1.Nonstandard_numbers_for_qualitative_decision_making.png,cs.GT,0
dataset/test/cs_0205076v1.Complexity_of_Manipulating_Elections_with_Few_Candidates.png,cs.GT,0
dataset/test/cs_0306128v3.On_the_suitability_of_the_2_x_2_games_for_studying_reciprocal_cooperation_and_kin_selection.png,cs.GT,0
dataset/test/cs_0310039v1.A_Game_Theoretic_Framework_for_Incentives_in_P2P_Systems.png,cs.GT,0
dataset/test/cs_0312005v2.A_Cartography_for_2x2_Symmetric_Games.png,cs.GT,0
dataset/train/2504.09517v2.RoboComm__A_DID_based_scalable_and_privacy_preserving_Robot_to_Robot_interaction_over_state_channels.png,cs.NI,1
dataset/train/2504.11334v1.A_Mathematical_Framework_of_Semantic_Communication_based_on_Category_Theory.png,cs.NI,1
dataset/train/cs_9809030v1.Fast__Approximate_Synthesis_of_Fractional_Gaussian_Noise_for_Generating_Self_Similar_Network_Traffic.png,cs.NI,1
dataset/train/cs_9809039v1.ABR_Flow_Control_for_Multipoint_Connections.png,cs.NI,1
dataset/train/cs_9809042v1.A_Definition_of_General_Weighted_Fairness_and_its_Support_in_Explicit_Rate_Switch_Algorithms.png,cs.NI,1
dataset/test/cs_9809043v1.Worst_Case_Buffer_Requirements_For_Tcp_Over_ABR.png,cs.NI,0
dataset/test/cs_9809045v1.Performance_of_TCP_over_ABR_with_Long_Range_Dependent_VBR_Background_Traffic_over_Terrestrial_and_Satellite_ATM_networks.png,cs.NI,0
dataset/test/cs_9809046v1.Fairness_for_ABR_multipoint_to_point_connections.png,cs.NI,0
dataset/test/cs_9809047v1.Modeling_Traffic_Management_in_ATM_Networks_with_OPNET.png,cs.NI,0
dataset/test/cs_9809048v1.laboratories_for_Data_Communications_and_Computer_Networks.png,cs.NI,0
dataset/train/cs_0004004v1.Mathematical_Software__Past__Present__and_Future.png,cs.MS,1
dataset/train/cs_0101001v1.Automatic_Differentiation_Tools_in_Optimization_Software.png,cs.MS,1
dataset/train/cs_0101018v1.GPCG__A_Case_Study_in_the_Performance_and_Scalability_of_Optimization_Algorithms.png,cs.MS,1
dataset/train/cs_0102001v2.Benchmarking_Optimization_Software_with_Performance_Profiles.png,cs.MS,1
dataset/train/cs_0106051v1.Users_Guide_for_SnadiOpt__A_Package_Adding_Automatic_Differentiation_to_Snopt.png,cs.MS,1
dataset/test/cs_0107025v2.Computer_validated_proofs_of_a_toolset_for_adaptable_arithmetic.png,cs.MS,0
dataset/test/cs_0306127v1.Development_of_a_Java_Package_for_Matrix_Programming.png,cs.MS,0
dataset/test/cs_0307009v1.Finding_the__truncated__polynomial_that_is_closest_to_a_function.png,cs.MS,0
dataset/test/cs_0310057v1.An_Introduction_to_Using_Software_Tools_for_Automatic_Differentiation.png,cs.MS,0
dataset/test/cs_0406049v1.A_Fast__Vectorizable_Algorithm_for_Producing_Single_Precision_Sine_Cosine_Pairs.png,cs.MS,0
dataset/train/cs_0206029v1.Computer_Generated_Photorealistic_Hair.png,cs.GR,1
dataset/train/cs_0304011v1.Embedded_Reflection_Mapping.png,cs.GR,1
dataset/train/cs_0305057v1.The_Persint_visualization_program_for_the_ATLAS_experiment.png,cs.GR,1
dataset/train/cs_0306012v1.GraXML___Modular_Geometric_Modeler.png,cs.GR,1
dataset/train/cs_0306031v1.The_FRED_Event_Display__an_Extensible_HepRep_Client_for_GLAST.png,cs.GR,1
dataset/test/cs_0306059v1.The_Use_of_HepRep_in_GLAST.png,cs.GR,0
dataset/test/cs_0307065v1.Application_of_interactive_parallel_visualization_for_commodity_based_clusters_using_visualization_APIs.png,cs.GR,0
dataset/test/cs_0311034v1.Visualization_of_variations_in_human_brain_morphology_using_differentiating_reflection_functions.png,cs.GR,0
dataset/test/cs_0404022v1.An_Algorithm_for_Transforming_Color_Images_into_Tactile_Graphics.png,cs.GR,0
dataset/test/cs_0405048v1.Interactive_visualization_of_higher_dimensional_data_in_a_multiview_environment.png,cs.GR,0
dataset/train/0706.0903v1.Families_of_traveling_impulses_and_fronts_in_some_models_with_cross_diffusion.png,cs.NA,1
dataset/train/cs_0201015v1.On_the_Significance_of_Digits_in_Interval_Notation.png,cs.NA,1
dataset/train/cs_0206031v1.A_sufficient_condition_for_global_invertibility_of_Lipschitz_mapping.png,cs.NA,1
dataset/train/cs_0210015v2.New_Developments_in_Interval_Arithmetic_and_Their_Implications_for_Floating_Point_Standardization.png,cs.NA,1
dataset/train/cs_0306015v1.Computing_sharp_and_scalable_bounds_on_errors_in_approximate_zeros_of_univariate_polynomials.png,cs.NA,1
dataset/test/cs_0404034v1.Propagation_by_Selective_Initialization_and_Its_Application_to_Numerical_Constraint_Satisfaction_Problems.png,cs.NA,0
dataset/test/cs_0407022v4.Solving_Elliptic_Finite_Element_Systems_in_Near_Linear_Time_with_Support_Preconditioners.png,cs.NA,0
dataset/test/cs_0410045v4.Analysis_of_and_workarounds_for_element_reversal_for_a_finite_element_based_algorithm_for_warping_triangular_and_tetrahedral_meshes.png,cs.NA,0
dataset/test/cs_0412009v1.A_Fully_Sparse_Implementation_of_a_Primal_Dual_Interior_Point_Potential_Reduction_Method_for_Semidefinite_Programming.png,cs.NA,0
dataset/test/cs_0501041v1.Two_Iterative_Algorithms_for_Solving_Systems_of_Simultaneous_Linear_Algebraic_Equations_with_Real_Matrices_of_Coefficients.png,cs.NA,0
dataset/train/cs_0003078v1.About_the_finding_of_independent_vertices_of_a_graph.png,cs.DS,1
dataset/train/cs_0006046v1.3_Coloring_in_Time_O_1_3289_n_.png,cs.DS,1
dataset/train/cs_0007029v1.Dimension_Dependent_behavior_in_the_satisfability_of_random_k_Horn_formulae.png,cs.DS,1
dataset/train/cs_0007043v1.Min_Max_Fine_Heaps.png,cs.DS,1
dataset/train/cs_0008011v1.All_Pairs_Shortest_Paths_using_Bridging_Sets_and_Rectangular_Matrix_Multiplication.png,cs.DS,1
dataset/test/cs_0009006v1.Improved_Algorithms_for_3_Coloring__3_Edge_Coloring__and_Constraint_Satisfaction.png,cs.DS,0
dataset/test/cs_0011047v1.Dancing_links.png,cs.DS,0
dataset/test/cs_0012002v1.Random_Shuffling_to_Reduce_Disorder_in_Adaptive_Sorting_Scheme.png,cs.DS,0
dataset/test/cs_0111050v7.Smoothed_Analysis_of_Algorithms__Why_the_Simplex_Algorithm_Usually_Takes_Polynomial_Time.png,cs.DS,0
dataset/test/cs_9301115v1.Context_free_multilanguages.png,cs.DS,0
dataset/train/2504.11369v1.OpenTuringBench__An_Open_Model_based_Benchmark_and_Framework_for_Machine_Generated_Text_Detection_and_Attribution.png,cs.HC,1
dataset/train/2504.11380v1.Speak_with_Confidence__Designing_an_Augmented_Reality_Training_Tool_for_Public_Speaking.png,cs.HC,1
dataset/train/cs_0101029v1.Tap_Tips__Lightweight_Discovery_of_Touchscreen_Targets.png,cs.HC,1
dataset/train/cs_0101035v2.The_Guidebook__the_Friend__and_the_Room__Visitor_Experience_in_a_Historic_House.png,cs.HC,1
dataset/train/cs_0110006v1.Electronic_Commerce__Consumer_Search_and_Retailing_Cost_Reduction.png,cs.HC,1
dataset/test/cs_0111024v1.Building_Multi_Platform_User_Interfaces_with_UIML.png,cs.HC,0
dataset/test/cs_0111025v1.A_Multi_Step_Process_for_Generating_Multi_Platform_User_Interfaces_using_UIML.png,cs.HC,0
dataset/test/cs_0205054v1.Eavesdropping_on_Electronic_Guidebooks__Observing_Learning_Resources_in_Shared_Listening_Environments.png,cs.HC,0
dataset/test/cs_0205055v1.Practical_Strategies_for_Integrating_a_Conversation_Analyst_in_an_Iterative_Design_Process.png,cs.HC,0
dataset/test/cs_0210014v1.Current_state_of_the_Sonix____the_IBR_2_instrument_control_software_and_plans_for_future_developments.png,cs.HC,0
dataset/train/2504.11429v1.Improving_Statistical_Privacy_by_Subsampling.png,cs.CR,1
dataset/train/cs_0003066v1.Specifying_and_Implementing_Security_Policies_Using_LaSCO__the_Language_for_Security_Constraints_on_Objects.png,cs.CR,1
dataset/train/cs_0010019v1.The_Random_Oracle_Methodology__Revisited.png,cs.CR,1
dataset/train/cs_0011004v2.Anonymous_Oblivious_Transfer.png,cs.CR,1
dataset/train/cs_0101020v2.More_Robust_Multiparty_Protocols_with_Oblivious_Transfer.png,cs.CR,1
dataset/test/cs_0102012v1.Chaos_for_Stream_Cipher.png,cs.CR,0
dataset/test/cs_0107003v2.Lower_Bounds_for_Zero_knowledge_on_the_Internet.png,cs.CR,0
dataset/test/cs_0107004v1.On_Concurrent_and_Resettable_Zero_Knowledge_Proofs_for_NP.png,cs.CR,0
dataset/test/cs_0108017v1.Security_Considerations_for_Remote_Electronic_Voting_over_the_Internet.png,cs.CR,0
dataset/test/cs_0110009v1.Algorithmic_Self_Assembly_of_DNA_Tiles_and_its_Application_to_Cryptanalysis.png,cs.CR,0
dataset/train/cs_9808008v1.Computational_Geometry_Column_34.png,cs.CG,1
dataset/train/cs_9809038v2.Incremental_and_Decremental_Maintenance_of_Planar_Width.png,cs.CG,1
dataset/train/cs_9809081v1.Optimal_Point_Placement_for_Mesh_Smoothing.png,cs.CG,1
dataset/train/cs_9809109v1.Linear_Complexity_Hexahedral_Mesh_Generation.png,cs.CG,1
dataset/train/cs_9810007v2.Randomization_yields_simple_O_n_log_star_n__algorithms_for_difficult_Omega_n__problems.png,cs.CG,1
dataset/test/cs_9901013v1.Analysis_of_approximate_nearest_neighbor_searching_with_clustered_point_sets.png,cs.CG,0
dataset/test/cs_9906023v1.Computational_Geometry_Column_35.png,cs.CG,0
dataset/test/cs_9907023v1.On_Deletion_in_Delaunay_Triangulation.png,cs.CG,0
dataset/test/cs_9907024v1.Improved_Incremental_Randomized_Delaunay_Triangulation.png,cs.CG,0
dataset/test/cs_9907025v1.The_union_of_unit_balls_has_quadratic_complexity__even_if_they_all_contain_the_origin.png,cs.CG,0
dataset/train/2412.11758v3.Establishing_a_Foundation_for_Tetun_Ad_Hoc_Text_Retrieval__Stemming__Indexing__Retrieval__and_Ranking.png,cs.IR,1
dataset/train/cs_0002010v1.Biologically_Motivated_Distributed_Designs_for_Adaptive_Knowledge_Management.png,cs.IR,1
dataset/train/cs_0007017v1.Fuzzy_data__XML_may_handle_it.png,cs.IR,1
dataset/train/cs_0102002v1.On_the_Automated_Classification_of_Web_Sites.png,cs.IR,1
dataset/train/cs_0209021v1.Activities__Context_and_Ubiquitous_Computing.png,cs.IR,1
dataset/test/cs_0306021v2.Visualization_for_Periodic_Population_Movement_between_Distinct_Localities.png,cs.IR,0
dataset/test/cs_0306026v1.BdbServer____A_User_Driven_Data_Location_and_Retrieval_Tool.png,cs.IR,0
dataset/test/cs_0306094v1.BaBar___A_Community_Web_Site_in_an_Organizational_Setting.png,cs.IR,0
dataset/test/cs_0308042v1.Centralized_reward_system_gives_rise_to_fast_and_efficient_work_sharing_for_intelligent_Internet_agents_lacking_direct_communication.png,cs.IR,0
dataset/test/cs_0402061v1.A_Correlation_Based_Distance.png,cs.IR,0
dataset/train/0903.2554v2.Bottom_up_rewriting_for_words_and_terms.png,cs.FL,1
dataset/train/0903.3513v1.Fuzzy_Chemical_Abstract_Machines.png,cs.FL,1
dataset/train/0904.2257v1.The_equality_problem_for_infinite_words_generated_by_primitive_morphisms.png,cs.FL,1
dataset/train/0904.3366v1.State_complexity_of_orthogonal_catenation.png,cs.FL,1
dataset/train/0904.4686v1.Linear_Space_Computation_of_the_Edit_Distance_between_a_String_and_a_Finite_Automaton.png,cs.FL,1
dataset/test/0905.1045v2.Descriptional_complexity_of_bounded_context_free_languages.png,cs.FL,0
dataset/test/0905.1248v1.Deterministic_pushdown_automata_and_unary_languages.png,cs.FL,0
dataset/test/0905.4193v1.Answers_to_Questions_Formulated_in_the_Paper__On_States_Observability_in_Deterministic_Finite_Automata_.png,cs.FL,0
dataset/test/0906.0072v2.The_cost_of_being_co_Buchi_is_nonlinear.png,cs.FL,0
dataset/test/0906.0857v2.2D_cellular_automata__dynamics_and_undecidability.png,cs.FL,0
dataset/train/cs_0406039v3.Long_Nonbinary_Codes_Exceeding_the_Gilbert___Varshamov_Bound_for_any_Fixed_Distance.png,cs.IT,1
dataset/train/cs_0406048v1.On_Expanders_Graphs__Parameters_and_Applications.png,cs.IT,1
dataset/train/cs_0407010v1.Improved_error_bounds_for_the_erasure_list_scheme__the_binary_and_spherical_cases.png,cs.IT,1
dataset/train/cs_0407011v3.Distance_distribution_of_binary_codes_and_the_error_probability_of_decoding.png,cs.IT,1
dataset/train/cs_0408008v1.Iterative_Quantization_Using_Codes_On_Graphs.png,cs.IT,1
dataset/test/cs_0408017v1.Improved_Upper_Bound_for_the_Redundancy_of_Fix_Free_Codes.png,cs.IT,0
dataset/test/cs_0408038v1.The_Dynamics_of_Group_Codes__Dual_Abelian_Group_Codes_and_Systems.png,cs.IT,0
dataset/test/cs_0408062v1.Source_Coding_With_Distortion_Side_Information_At_The_Encoder.png,cs.IT,0
dataset/test/cs_0409011v2.Shannon_meets_Wiener_II__On_MMSE_estimation_in_successive_decoding_schemes.png,cs.IT,0
dataset/test/cs_0409026v1.Capacity_achieving_ensembles_for_the_binary_erasure_channel_with_bounded_complexity.png,cs.IT,0
dataset/train/cs_0212022v1.Algorithms_for_Rapidly_Dispersing_Robot_Swarms_in_Unknown_Environments.png,cs.RO,1
dataset/train/cs_0212027v1.Qualitative_Study_of_a_Robot_Arm_as_a_Hamiltonian_System.png,cs.RO,1
dataset/train/cs_0311019v1.Replay_Debugging_of_Complex_Real_Time_Systems__Experiences_from_Two_Industrial_Case_Studies.png,cs.RO,1
dataset/train/cs_0411020v1.Dynamic_Modelling_and_Adaptive_Traction_Control_for_Mobile_Robots.png,cs.RO,1
dataset/train/cs_0411021v1.Coevolution_Based_Adaptive_Monte_Carlo_Localization__CEAMCL_.png,cs.RO,1
dataset/test/cs_0411023v1.Design_and_Implementation_of_a_General_Decision_making_Model_in_RoboCup_Simulation.png,cs.RO,0
dataset/test/cs_0411024v1.Space_Robotics_Part_2__Space_based_Manipulators.png,cs.RO,0
dataset/test/cs_0412050v1.Gyroscopically_Stabilized_Robot__Balance_and_Tracking.png,cs.RO,0
dataset/test/cs_0412051v1.Dynamic_replanning_in_uncertain_environments_for_a_sewer_inspection_robot.png,cs.RO,0
dataset/test/cs_0412052v1.WebotsTM__Professional_Mobile_Robot_Simulation.png,cs.RO,0
