"dataset_name","function_name","id","episode_id","input","output","output_schema","tags","auxiliary","is_deleted","updated_at"
"bar","ask_question","01942e26-dc4a-7041-9a88-0a1808246a76","01942e26-4693-7e80-8591-47b98e25d721","{""system"":{""remaining_questions"":17},""messages"":[{""role"":""user"",""content"":[{""type"":""text"",""value"":""Is it a living thing?""}]},{""role"":""assistant"",""content"":[{""type"":""text"",""value"":""no.""}]},{""role"":""user"",""content"":[{""type"":""text"",""value"":""Is it commonly found indoors?""}]},{""role"":""assistant"",""content"":[{""type"":""text"",""value"":""no.""}]},{""role"":""user"",""content"":[{""type"":""text"",""value"":""Is it a natural object, like a rock or tree?""}]},{""role"":""assistant"",""content"":[{""type"":""text"",""value"":""yes.""}]},{""role"":""user"",""content"":[{""type"":""text"",""value"":""Is it a large natural object, like a mountain or a tree?""}]},{""role"":""assistant"",""content"":[{""type"":""text"",""value"":""no.""}]}]}","{""raw"":""{\n  \""thinking\"": \""The object is not large, and since it is a natural object, it is likely something small. It could be something like a pebble, leaf, or flower. To narrow it down further, I will ask if it is a type of mineral or rock.\"",\n  \""question\"": \""Is it a type of mineral or rock?\""\n}"",""parsed"":{""thinking"":""The object is not large, and since it is a natural object, it is likely something small. It could be something like a pebble, leaf, or flower. To narrow it down further, I will ask if it is a type of mineral or rock."",""question"":""Is it a type of mineral or rock?""}}","{""type"":""object"",""properties"":{""thinking"":{""type"":""string""},""question"":{""type"":""string""}},""required"":[""thinking"",""question""],""additionalProperties"":false}","{}","",false,"2025-02-19 00:26:06"
"bar","ask_question","01942e26-9824-7d00-a708-28b85afcfacb","01942e26-4693-7e80-8591-47b98e25d721","{""system"":{""remaining_questions"":20},""messages"":[{""role"":""user"",""content"":[{""type"":""text"",""value"":""Is it a living thing?""}]},{""role"":""assistant"",""content"":[{""type"":""text"",""value"":""no.""}]}]}","{""raw"":""{\""thinking\"":\""The answer is 'no', indicating that the secret is not a living thing, meaning we are looking for a physical object. This narrows down our possibilities to inanimate objects. Since it could be anything from furniture to tools to everyday items, the next logical step is to narrow down the category further. I will focus on whether the object is something commonly found indoors.\"",\""question\"":\""Is it commonly found indoors?\""}"",""parsed"":{""thinking"":""The answer is 'no', indicating that the secret is not a living thing, meaning we are looking for a physical object. This narrows down our possibilities to inanimate objects. Since it could be anything from furniture to tools to everyday items, the next logical step is to narrow down the category further. I will focus on whether the object is something commonly found indoors."",""question"":""Is it commonly found indoors?""}}","{""type"":""object"",""properties"":{""thinking"":{""type"":""string""},""question"":{""type"":""string""}},""required"":[""thinking"",""question""],""additionalProperties"":false}","{}","",false,"2025-02-19 00:26:06"
"bar","ask_question","01942e26-b07c-79d1-ab83-4087f2128c2b","01942e26-4693-7e80-8591-47b98e25d721","{""system"":{""remaining_questions"":19},""messages"":[{""role"":""user"",""content"":[{""type"":""text"",""value"":""Is it a living thing?""}]},{""role"":""assistant"",""content"":[{""type"":""text"",""value"":""no.""}]},{""role"":""user"",""content"":[{""type"":""text"",""value"":""Is it commonly found indoors?""}]},{""role"":""assistant"",""content"":[{""type"":""text"",""value"":""no.""}]}]}","{""raw"":""{\n  \""thinking\"": \""Since the object is not a living thing and it's not commonly found indoors, it likely has an outdoor presence. This narrows down the possibilities significantly. Now I want to identify whether it belongs to a specific category of outdoor items or if it is something more general, like a natural element.\"",\n  \""question\"": \""Is it a natural object, like a rock or tree?\""\n}"",""parsed"":{""thinking"":""Since the object is not a living thing and it's not commonly found indoors, it likely has an outdoor presence. This narrows down the possibilities significantly. Now I want to identify whether it belongs to a specific category of outdoor items or if it is something more general, like a natural element."",""question"":""Is it a natural object, like a rock or tree?""}}","{""type"":""object"",""properties"":{""thinking"":{""type"":""string""},""question"":{""type"":""string""}},""required"":[""thinking"",""question""],""additionalProperties"":false}","{}","",false,"2025-02-19 00:26:06"
"bar","ask_question","01942e26-761a-7862-b7bf-4306a307e7cd","01942e26-4693-7e80-8591-47b98e25d721","{""system"":{""remaining_questions"":21},""messages"":[]}","{""raw"":""{\n  \""thinking\"": \""To start narrowing down the secret, I need to determine the category of the object or living thing. Since 21 Questions starts broad, a good first question would be about whether it’s alive or not. Knowing if it's living or non-living will help me refine my subsequent questions and guesses effectively.\"",\n  \""question\"": \""Is it a living thing?\""\n}"",""parsed"":{""thinking"":""To start narrowing down the secret, I need to determine the category of the object or living thing. Since 21 Questions starts broad, a good first question would be about whether it’s alive or not. Knowing if it's living or non-living will help me refine my subsequent questions and guesses effectively."",""question"":""Is it a living thing?""}}","{""type"":""object"",""properties"":{""thinking"":{""type"":""string""},""question"":{""type"":""string""}},""required"":[""thinking"",""question""],""additionalProperties"":false}","{}","",false,"2025-02-19 00:26:06"
"bar","ask_question","01942e26-c48c-7720-b971-a1f7a3a9ac98","01942e26-4693-7e80-8591-47b98e25d721","{""system"":{""remaining_questions"":18},""messages"":[{""role"":""user"",""content"":[{""type"":""text"",""value"":""Is it a living thing?""}]},{""role"":""assistant"",""content"":[{""type"":""text"",""value"":""no.""}]},{""role"":""user"",""content"":[{""type"":""text"",""value"":""Is it commonly found indoors?""}]},{""role"":""assistant"",""content"":[{""type"":""text"",""value"":""no.""}]},{""role"":""user"",""content"":[{""type"":""text"",""value"":""Is it a natural object, like a rock or tree?""}]},{""role"":""assistant"",""content"":[{""type"":""text"",""value"":""yes.""}]}]}","{""raw"":""{\n  \""thinking\"": \""Since the object is not a living thing and is not commonly found indoors, but is a natural object, it narrows down the possibilities to various elements from nature. It could be a rock, a tree, or potentially something like a mountain or a river. To further narrow it down, I will ask if it is a large object or a small object.\"",\n  \""question\"": \""Is it a large natural object, like a mountain or a tree?\""\n}"",""parsed"":{""thinking"":""Since the object is not a living thing and is not commonly found indoors, but is a natural object, it narrows down the possibilities to various elements from nature. It could be a rock, a tree, or potentially something like a mountain or a river. To further narrow it down, I will ask if it is a large object or a small object."",""question"":""Is it a large natural object, like a mountain or a tree?""}}","{""type"":""object"",""properties"":{""thinking"":{""type"":""string""},""question"":{""type"":""string""}},""required"":[""thinking"",""question""],""additionalProperties"":false}","{}","",false,"2025-02-19 00:26:06"
"foo","extract_entities","01939885-f868-7f62-8168-30258afebfeb","0192ced0-949d-7063-900d-a4c7f1661358","{""messages"":[{""role"":""user"",""content"":[{""type"":""text"",""value"":""Mexican army attacked in Michoacan state - report .""}]}]}","{""raw"":""{\""person\"":[],\""organization\"":[],\""location\"":[\""Michoacan\""],\""miscellaneous\"":[\""Mexican\""]}"",""parsed"":{""person"":[],""organization"":[],""location"":[""Michoacan""],""miscellaneous"":[""Mexican""]}}","{""$schema"":""http://json-schema.org/draft-07/schema#"",""type"":""object"",""properties"":{""person"":{""type"":""array"",""items"":{""type"":""string""}},""organization"":{""type"":""array"",""items"":{""type"":""string""}},""location"":{""type"":""array"",""items"":{""type"":""string""}},""miscellaneous"":{""type"":""array"",""items"":{""type"":""string""}}},""required"":[""person"",""organization"",""location"",""miscellaneous""],""additionalProperties"":false}","{}","",false,"2025-02-19 00:25:29"
"foo","extract_entities","019368c7-d150-7ba0-819a-88a2cec33663","0192ced0-a2ae-75f2-b3d4-d286e486f1d4","{""messages"":[{""role"":""user"",""content"":[{""type"":""text"",""value"":""Sjeng Schalken ( Netherlands ) beat David Rikl ( Czech Republic ) 6 - 2 6-4 6-4""}]}]}","{""raw"":""{\n    \""person\"": [\""Sjeng Schalken\"", \""David Rikl\""],\n    \""organization\"": [],\n    \""location\"": [\""Netherlands\"", \""Czech Republic\""],\n    \""miscellaneous\"": []\n}"",""parsed"":{""person"":[""Sjeng Schalken"",""David Rikl""],""organization"":[],""location"":[""Netherlands"",""Czech Republic""],""miscellaneous"":[]}}","{""$schema"":""http://json-schema.org/draft-07/schema#"",""type"":""object"",""properties"":{""person"":{""type"":""array"",""items"":{""type"":""string""}},""organization"":{""type"":""array"",""items"":{""type"":""string""}},""location"":{""type"":""array"",""items"":{""type"":""string""}},""miscellaneous"":{""type"":""array"",""items"":{""type"":""string""}}},""required"":[""person"",""organization"",""location"",""miscellaneous""],""additionalProperties"":false}","{}","",false,"2025-02-19 00:25:29"
"foo","extract_entities","01936737-1760-71c2-81d9-4328e363e5b1","0192ced0-a2c7-7c83-96e1-be14a1ecbaac","{""messages"":[{""role"":""user"",""content"":[{""type"":""text"",""value"":""One out later , Gonzalez smacked his 40th homer , extending his hitting streak to 20 games .""}]}]}","{""raw"":""{\""person\"":[\""Gonzalez\""],\""organization\"":[],\""location\"":[],\""miscellaneous\"":[]}"",""parsed"":{""person"":[""Gonzalez""],""organization"":[],""location"":[],""miscellaneous"":[]}}","{""$schema"":""http://json-schema.org/draft-07/schema#"",""type"":""object"",""properties"":{""person"":{""type"":""array"",""items"":{""type"":""string""}},""organization"":{""type"":""array"",""items"":{""type"":""string""}},""location"":{""type"":""array"",""items"":{""type"":""string""}},""miscellaneous"":{""type"":""array"",""items"":{""type"":""string""}}},""required"":[""person"",""organization"",""location"",""miscellaneous""],""additionalProperties"":false}","{}","",false,"2025-02-19 00:25:29"
"foo","extract_entities","01935536-bd18-76b1-830a-ba0872ba0511","0192ced0-a2b0-7be1-afe6-50d37d5a3cb7","{""messages"":[{""role"":""user"",""content"":[{""type"":""text"",""value"":""One out later , Gonzalez smacked his 40th homer , extending his hitting streak to 20 games .""}]}]}","{""raw"":""{\""person\"":[\""Gonzalez\""],\""organization\"":[],\""location\"":[],\""miscellaneous\"":[]}"",""parsed"":{""person"":[""Gonzalez""],""organization"":[],""location"":[],""miscellaneous"":[]}}","{""$schema"":""http://json-schema.org/draft-07/schema#"",""type"":""object"",""properties"":{""person"":{""type"":""array"",""items"":{""type"":""string""}},""organization"":{""type"":""array"",""items"":{""type"":""string""}},""location"":{""type"":""array"",""items"":{""type"":""string""}},""miscellaneous"":{""type"":""array"",""items"":{""type"":""string""}}},""required"":[""person"",""organization"",""location"",""miscellaneous""],""additionalProperties"":false}","{}","",false,"2025-02-19 00:25:29"
"foo","extract_entities","019376de-5ac0-7981-850b-362711c41fcb","0192ced0-a2c6-7323-be23-ce4124e683d3","{""messages"":[{""role"":""user"",""content"":[{""type"":""text"",""value"":""We have in no way seen any Iraqi troops in the city or in its approaches , \"" a U.N. relief official told Reuters .""}]}]}","{""raw"":""{\""person\"":[],\""organization\"":[\""U.N.\"",\""Reuters\""],\""location\"":[],\""miscellaneous\"":[\""Iraqi\""]}"",""parsed"":{""person"":[],""organization"":[""U.N."",""Reuters""],""location"":[],""miscellaneous"":[""Iraqi""]}}","{""$schema"":""http://json-schema.org/draft-07/schema#"",""type"":""object"",""properties"":{""person"":{""type"":""array"",""items"":{""type"":""string""}},""organization"":{""type"":""array"",""items"":{""type"":""string""}},""location"":{""type"":""array"",""items"":{""type"":""string""}},""miscellaneous"":{""type"":""array"",""items"":{""type"":""string""}}},""required"":[""person"",""organization"",""location"",""miscellaneous""],""additionalProperties"":false}","{}","",false,"2025-02-19 00:25:29"
"foo","extract_entities","01935c42-01d0-7020-8657-b1e72901392b","0192ced0-a2b6-7083-8c26-c20166f26756","{""messages"":[{""role"":""user"",""content"":[{""type"":""text"",""value"":""287 Ian Woosnam 70 76 71 70""}]}]}","{""raw"":""{\""person\"":[\""Ian Woosnam\""],\""organization\"":[],\""location\"":[],\""miscellaneous\"":[]}"",""parsed"":{""person"":[""Ian Woosnam""],""organization"":[],""location"":[],""miscellaneous"":[]}}","{""$schema"":""http://json-schema.org/draft-07/schema#"",""type"":""object"",""properties"":{""person"":{""type"":""array"",""items"":{""type"":""string""}},""organization"":{""type"":""array"",""items"":{""type"":""string""}},""location"":{""type"":""array"",""items"":{""type"":""string""}},""miscellaneous"":{""type"":""array"",""items"":{""type"":""string""}}},""required"":[""person"",""organization"",""location"",""miscellaneous""],""additionalProperties"":false}","{}","",false,"2025-02-19 00:25:29"
"foo","extract_entities","0193786f-14b0-7522-8657-d658c2603291","0192ced0-a2c7-7c83-96e1-bdec0d19cf59","{""messages"":[{""role"":""user"",""content"":[{""type"":""text"",""value"":""\"" Last year we stood on the court after we had lost and we put out hands together and made it our committment to bring back the Cup , \"" U.S. captain Billie Jean King said at the draw . \""""}]}]}","{""raw"":""{\""person\"":[\""Billie Jean King\""],\""organization\"":[],\""location\"":[\""U.S.\""],\""miscellaneous\"":[\""Cup\""]}"",""parsed"":{""person"":[""Billie Jean King""],""organization"":[],""location"":[""U.S.""],""miscellaneous"":[""Cup""]}}","{""$schema"":""http://json-schema.org/draft-07/schema#"",""type"":""object"",""properties"":{""person"":{""type"":""array"",""items"":{""type"":""string""}},""organization"":{""type"":""array"",""items"":{""type"":""string""}},""location"":{""type"":""array"",""items"":{""type"":""string""}},""miscellaneous"":{""type"":""array"",""items"":{""type"":""string""}}},""required"":[""person"",""organization"",""location"",""miscellaneous""],""additionalProperties"":false}","{}","",false,"2025-02-19 00:25:29"
"foo","extract_entities","01938e59-3fd0-7fc0-874c-113e955fd65d","0192ced0-949f-7193-8e91-baa3ee76e8e4","{""messages"":[{""role"":""user"",""content"":[{""type"":""text"",""value"":""ATHLETICS - HARRISON , EDWARDS TO MEET IN SARAJEVO .""}]}]}","{""raw"":""{\""person\"":[\""HARRISON\"",\""EDWARDS\""],\""organization\"":[],\""location\"":[\""SARAJEVO\""],\""miscellaneous\"":[]}"",""parsed"":{""person"":[""HARRISON"",""EDWARDS""],""organization"":[],""location"":[""SARAJEVO""],""miscellaneous"":[]}}","{""$schema"":""http://json-schema.org/draft-07/schema#"",""type"":""object"",""properties"":{""person"":{""type"":""array"",""items"":{""type"":""string""}},""organization"":{""type"":""array"",""items"":{""type"":""string""}},""location"":{""type"":""array"",""items"":{""type"":""string""}},""miscellaneous"":{""type"":""array"",""items"":{""type"":""string""}}},""required"":[""person"",""organization"",""location"",""miscellaneous""],""additionalProperties"":false}","{}","",false,"2025-02-19 00:25:29"
"foo","extract_entities","019373bc-e6e0-7e50-8822-af9bacfafe9a","0192ced0-a2c6-7323-be23-ce1897dfcb38","{""messages"":[{""role"":""user"",""content"":[{""type"":""text"",""value"":""6. Oksana Grichina ( Russia ) 36.242""}]}]}","{""raw"":""{\""person\"":[\""Oksana Grichina\""],\""organization\"":[],\""location\"":[\""Russia\""],\""miscellaneous\"":[]}"",""parsed"":{""person"":[""Oksana Grichina""],""organization"":[],""location"":[""Russia""],""miscellaneous"":[]}}","{""$schema"":""http://json-schema.org/draft-07/schema#"",""type"":""object"",""properties"":{""person"":{""type"":""array"",""items"":{""type"":""string""}},""organization"":{""type"":""array"",""items"":{""type"":""string""}},""location"":{""type"":""array"",""items"":{""type"":""string""}},""miscellaneous"":{""type"":""array"",""items"":{""type"":""string""}}},""required"":[""person"",""organization"",""location"",""miscellaneous""],""additionalProperties"":false}","{}","",false,"2025-02-19 00:25:29"
"foo","extract_entities","01934ef3-d558-79d3-896e-c5d9fb89103d","0192ced0-a2c6-7323-be23-ce2a24429833","{""messages"":[{""role"":""user"",""content"":[{""type"":""text"",""value"":""Sjeng Schalken ( Netherlands ) beat David Rikl ( Czech Republic ) 6 - 2 6-4 6-4""}]}]}","{""raw"":""{\""person\"":[\""Sjeng Schalken\"",\""David Rikl\""],\""organization\"":[],\""location\"":[\""Netherlands\"",\""Czech Republic\""],\""miscellaneous\"":[]}"",""parsed"":{""person"":[""Sjeng Schalken"",""David Rikl""],""organization"":[],""location"":[""Netherlands"",""Czech Republic""],""miscellaneous"":[]}}","{""$schema"":""http://json-schema.org/draft-07/schema#"",""type"":""object"",""properties"":{""person"":{""type"":""array"",""items"":{""type"":""string""}},""organization"":{""type"":""array"",""items"":{""type"":""string""}},""location"":{""type"":""array"",""items"":{""type"":""string""}},""miscellaneous"":{""type"":""array"",""items"":{""type"":""string""}}},""required"":[""person"",""organization"",""location"",""miscellaneous""],""additionalProperties"":false}","{}","",false,"2025-02-19 00:25:29"
"foo","extract_entities","0193917a-b3b0-78c3-89ea-020d8b84590e","0192ced0-949f-7193-8e91-bac43f3c3b38","{""messages"":[{""role"":""user"",""content"":[{""type"":""text"",""value"":""SOCCER - AUSTRIA DOMINATE SCOTLAND IN WORLD CUP QUALIFIER .""}]}]}","{""raw"":""{\""person\"":[],\""organization\"":[],\""location\"":[\""AUSTRIA\"",\""SCOTLAND\""],\""miscellaneous\"":[\""WORLD CUP\""]}"",""parsed"":{""person"":[],""organization"":[],""location"":[""AUSTRIA"",""SCOTLAND""],""miscellaneous"":[""WORLD CUP""]}}","{""$schema"":""http://json-schema.org/draft-07/schema#"",""type"":""object"",""properties"":{""person"":{""type"":""array"",""items"":{""type"":""string""}},""organization"":{""type"":""array"",""items"":{""type"":""string""}},""location"":{""type"":""array"",""items"":{""type"":""string""}},""miscellaneous"":{""type"":""array"",""items"":{""type"":""string""}}},""required"":[""person"",""organization"",""location"",""miscellaneous""],""additionalProperties"":false}","{}","",false,"2025-02-19 00:25:29"
"foo","extract_entities","01936cb1-a228-70d3-8cdf-3782b5184baa","0192ced0-a2b9-7e93-b3cd-cfa552758353","{""messages"":[{""role"":""user"",""content"":[{""type"":""text"",""value"":""Southend 1 Swindon 3""}]}]}","{""raw"":""{\""person\"":[],\""organization\"":[\""Southend\"",\""Swindon\""],\""location\"":[],\""miscellaneous\"":[]}"",""parsed"":{""person"":[],""organization"":[""Southend"",""Swindon""],""location"":[],""miscellaneous"":[]}}","{""$schema"":""http://json-schema.org/draft-07/schema#"",""type"":""object"",""properties"":{""person"":{""type"":""array"",""items"":{""type"":""string""}},""organization"":{""type"":""array"",""items"":{""type"":""string""}},""location"":{""type"":""array"",""items"":{""type"":""string""}},""miscellaneous"":{""type"":""array"",""items"":{""type"":""string""}}},""required"":[""person"",""organization"",""location"",""miscellaneous""],""additionalProperties"":false}","{}","",false,"2025-02-19 00:25:29"
"foo","extract_entities","01934c9a-be70-74e2-8e6d-8eb19531638c","0192ced0-a2b6-7083-8c26-c22a78a1b54d","{""messages"":[{""role"":""user"",""content"":[{""type"":""text"",""value"":""Natalia Karimova ( Russia ) 3:40.036 beat Yvonne McGregor""}]}]}","{""raw"":""{\""person\"":[\""Natalia Karimova\"",\""Yvonne McGregor\""],\""organization\"":[],\""location\"":[\""Russia\""],\""miscellaneous\"":[]}"",""parsed"":{""person"":[""Natalia Karimova"",""Yvonne McGregor""],""organization"":[],""location"":[""Russia""],""miscellaneous"":[]}}","{""$schema"":""http://json-schema.org/draft-07/schema#"",""type"":""object"",""properties"":{""person"":{""type"":""array"",""items"":{""type"":""string""}},""organization"":{""type"":""array"",""items"":{""type"":""string""}},""location"":{""type"":""array"",""items"":{""type"":""string""}},""miscellaneous"":{""type"":""array"",""items"":{""type"":""string""}}},""required"":[""person"",""organization"",""location"",""miscellaneous""],""additionalProperties"":false}","{}","",false,"2025-02-19 00:25:29"
"foo","extract_entities","019396f5-3e78-7a63-8ec1-7cab9f8f804c","0192ced0-949d-7063-900d-a4e0d31e69c4","{""messages"":[{""role"":""user"",""content"":[{""type"":""text"",""value"":""DETROIT 1996-08-31""}]}]}","{""raw"":""{\""person\"":[],\""organization\"":[],\""location\"":[\""DETROIT\""],\""miscellaneous\"":[]}"",""parsed"":{""person"":[],""organization"":[],""location"":[""DETROIT""],""miscellaneous"":[]}}","{""$schema"":""http://json-schema.org/draft-07/schema#"",""type"":""object"",""properties"":{""person"":{""type"":""array"",""items"":{""type"":""string""}},""organization"":{""type"":""array"",""items"":{""type"":""string""}},""location"":{""type"":""array"",""items"":{""type"":""string""}},""miscellaneous"":{""type"":""array"",""items"":{""type"":""string""}}},""required"":[""person"",""organization"",""location"",""miscellaneous""],""additionalProperties"":false}","{}","",false,"2025-02-19 00:25:29"
"foo","extract_entities","01936990-2e48-7461-9115-7fd3b31d3891","0192ced0-a2c6-7323-be23-cd21b7b4f97f","{""messages"":[{""role"":""user"",""content"":[{""type"":""text"",""value"":""9. Mauricio Gugelmin ( Brazil ) , Reynard Ford Cosworth , 54.762""}]}]}","{""raw"":""{\""person\"":[\""Mauricio Gugelmin\""],\""organization\"":[\""Reynard Ford Cosworth\""],\""location\"":[\""Brazil\""],\""miscellaneous\"":[]}"",""parsed"":{""person"":[""Mauricio Gugelmin""],""organization"":[""Reynard Ford Cosworth""],""location"":[""Brazil""],""miscellaneous"":[]}}","{""$schema"":""http://json-schema.org/draft-07/schema#"",""type"":""object"",""properties"":{""person"":{""type"":""array"",""items"":{""type"":""string""}},""organization"":{""type"":""array"",""items"":{""type"":""string""}},""location"":{""type"":""array"",""items"":{""type"":""string""}},""miscellaneous"":{""type"":""array"",""items"":{""type"":""string""}}},""required"":[""person"",""organization"",""location"",""miscellaneous""],""additionalProperties"":false}","{}","",false,"2025-02-19 00:25:29"
"foo","extract_entities","0193722c-2cf0-7c90-92d8-3af75369acfa","0192ced0-a2c6-7323-be23-ce0171b11a17","{""messages"":[{""role"":""user"",""content"":[{""type"":""text"",""value"":""But on Saturday the people gathered just outside the town seemed to be united in favour of the separatists .""}]}]}","{""raw"":""{\""person\"":[],\""organization\"":[],\""location\"":[],\""miscellaneous\"":[]}"",""parsed"":{""person"":[],""organization"":[],""location"":[],""miscellaneous"":[]}}","{""$schema"":""http://json-schema.org/draft-07/schema#"",""type"":""object"",""properties"":{""person"":{""type"":""array"",""items"":{""type"":""string""}},""organization"":{""type"":""array"",""items"":{""type"":""string""}},""location"":{""type"":""array"",""items"":{""type"":""string""}},""miscellaneous"":{""type"":""array"",""items"":{""type"":""string""}}},""required"":[""person"",""organization"",""location"",""miscellaneous""],""additionalProperties"":false}","{}","",false,"2025-02-19 00:25:29"
"foo","extract_entities","0193754d-a0d0-7642-93fa-367daeea7c8f","0192ced0-a2c8-7f73-9b38-da79e548e53c","{""messages"":[{""role"":""user"",""content"":[{""type"":""text"",""value"":""Southend 1 Swindon 3""}]}]}","{""raw"":""{\""person\"":[],\""organization\"":[\""Southend\"",\""Swindon\""],\""location\"":[],\""miscellaneous\"":[]}"",""parsed"":{""person"":[],""organization"":[""Southend"",""Swindon""],""location"":[],""miscellaneous"":[]}}","{""$schema"":""http://json-schema.org/draft-07/schema#"",""type"":""object"",""properties"":{""person"":{""type"":""array"",""items"":{""type"":""string""}},""organization"":{""type"":""array"",""items"":{""type"":""string""}},""location"":{""type"":""array"",""items"":{""type"":""string""}},""miscellaneous"":{""type"":""array"",""items"":{""type"":""string""}}},""required"":[""person"",""organization"",""location"",""miscellaneous""],""additionalProperties"":false}","{}","",false,"2025-02-19 00:25:29"
"foo","extract_entities","0193709b-7300-75d3-9412-f9e6c3076400","0192ced0-a2c7-7c83-96e1-bdacce06b6e6","{""messages"":[{""role"":""user"",""content"":[{""type"":""text"",""value"":""Brechin 3 0 3 0 2 2 3""}]}]}","{""raw"":""{\""person\"":[],\""organization\"":[\""Brechin\""],\""location\"":[],\""miscellaneous\"":[]}"",""parsed"":{""person"":[],""organization"":[""Brechin""],""location"":[],""miscellaneous"":[]}}","{""$schema"":""http://json-schema.org/draft-07/schema#"",""type"":""object"",""properties"":{""person"":{""type"":""array"",""items"":{""type"":""string""}},""organization"":{""type"":""array"",""items"":{""type"":""string""}},""location"":{""type"":""array"",""items"":{""type"":""string""}},""miscellaneous"":{""type"":""array"",""items"":{""type"":""string""}}},""required"":[""person"",""organization"",""location"",""miscellaneous""],""additionalProperties"":false}","{}","",false,"2025-02-19 00:25:29"
"foo","extract_entities","01936be9-4530-7100-9531-ab04f7d40b2b","0192ced0-a2c6-7323-be23-cd6fd27bfa59","{""messages"":[{""role"":""user"",""content"":[{""type"":""text"",""value"":""Natalia Karimova ( Russia ) 3:40.036 beat Yvonne McGregor""}]}]}","{""raw"":""{\""person\"":[\""Natalia Karimova\"",\""Yvonne McGregor\""],\""organization\"":[],\""location\"":[\""Russia\""],\""miscellaneous\"":[]}"",""parsed"":{""person"":[""Natalia Karimova"",""Yvonne McGregor""],""organization"":[],""location"":[""Russia""],""miscellaneous"":[]}}","{""$schema"":""http://json-schema.org/draft-07/schema#"",""type"":""object"",""properties"":{""person"":{""type"":""array"",""items"":{""type"":""string""}},""organization"":{""type"":""array"",""items"":{""type"":""string""}},""location"":{""type"":""array"",""items"":{""type"":""string""}},""miscellaneous"":{""type"":""array"",""items"":{""type"":""string""}}},""required"":[""person"",""organization"",""location"",""miscellaneous""],""additionalProperties"":false}","{}","",false,"2025-02-19 00:25:29"
"foo","extract_entities","01936b20-e838-7322-956f-cd5a5d56f5fa","0192ced0-a2c9-7dc3-8865-44a2b090607b","{""messages"":[{""role"":""user"",""content"":[{""type"":""text"",""value"":""\"" I told Monica we need her if we want to win , \"" King said .""}]}]}","{""raw"":""{\n    \""person\"": [\""Monica\"", \""King\""],\n    \""organization\"": [],\n    \""location\"": [],\n    \""miscellaneous\"": []\n}"",""parsed"":{""person"":[""Monica"",""King""],""organization"":[],""location"":[],""miscellaneous"":[]}}","{""$schema"":""http://json-schema.org/draft-07/schema#"",""type"":""object"",""properties"":{""person"":{""type"":""array"",""items"":{""type"":""string""}},""organization"":{""type"":""array"",""items"":{""type"":""string""}},""location"":{""type"":""array"",""items"":{""type"":""string""}},""miscellaneous"":{""type"":""array"",""items"":{""type"":""string""}}},""required"":[""person"",""organization"",""location"",""miscellaneous""],""additionalProperties"":false}","{}","",false,"2025-02-19 00:25:29"
"foo","extract_entities","01937de9-9f78-77b3-97bb-b451aa58241b","0192ced0-948b-7ed0-a104-7981cc98423e","{""messages"":[{""role"":""user"",""content"":[{""type"":""text"",""value"":""SOCCER - AUSTRIA DOMINATE SCOTLAND IN WORLD CUP QUALIFIER .""}]}]}","{""raw"":""{\""person\"":[],\""organization\"":[],\""location\"":[\""Austria\"",\""Scotland\""],\""miscellaneous\"":[\""World Cup\""]}"",""parsed"":{""person"":[],""organization"":[],""location"":[""Austria"",""Scotland""],""miscellaneous"":[""World Cup""]}}","{""$schema"":""http://json-schema.org/draft-07/schema#"",""type"":""object"",""properties"":{""person"":{""type"":""array"",""items"":{""type"":""string""}},""organization"":{""type"":""array"",""items"":{""type"":""string""}},""location"":{""type"":""array"",""items"":{""type"":""string""}},""miscellaneous"":{""type"":""array"",""items"":{""type"":""string""}}},""required"":[""person"",""organization"",""location"",""miscellaneous""],""additionalProperties"":false}","{}","",false,"2025-02-19 00:25:29"
"foo","extract_entities","01939564-8488-7fe3-98cb-052521678f21","0192ced0-949e-71e3-965b-2802ea9341a1","{""messages"":[{""role"":""user"",""content"":[{""type"":""text"",""value"":""Division three""}]}]}","{""raw"":""{\""person\"":[],\""organization\"":[],\""location\"":[],\""miscellaneous\"":[]}"",""parsed"":{""person"":[],""organization"":[],""location"":[],""miscellaneous"":[]}}","{""$schema"":""http://json-schema.org/draft-07/schema#"",""type"":""object"",""properties"":{""person"":{""type"":""array"",""items"":{""type"":""string""}},""organization"":{""type"":""array"",""items"":{""type"":""string""}},""location"":{""type"":""array"",""items"":{""type"":""string""}},""miscellaneous"":{""type"":""array"",""items"":{""type"":""string""}}},""required"":[""person"",""organization"",""location"",""miscellaneous""],""additionalProperties"":false}","{}","",false,"2025-02-19 00:25:29"
"foo","extract_entities","01937937-71a8-7cd2-9b76-b0629ae7af54","0192ced0-a2c8-7f73-9b38-daafd7e8dc7b","{""messages"":[{""role"":""user"",""content"":[{""type"":""text"",""value"":""Results of Yugoslav league""}]}]}","{""raw"":""{\""person\"":[],\""organization\"":[],\""location\"":[],\""miscellaneous\"":[\""Yugoslav\""]}"",""parsed"":{""person"":[],""organization"":[],""location"":[],""miscellaneous"":[""Yugoslav""]}}","{""$schema"":""http://json-schema.org/draft-07/schema#"",""type"":""object"",""properties"":{""person"":{""type"":""array"",""items"":{""type"":""string""}},""organization"":{""type"":""array"",""items"":{""type"":""string""}},""location"":{""type"":""array"",""items"":{""type"":""string""}},""miscellaneous"":{""type"":""array"",""items"":{""type"":""string""}}},""required"":[""person"",""organization"",""location"",""miscellaneous""],""additionalProperties"":false}","{}","",false,"2025-02-19 00:25:29"
"foo","extract_entities","0193829b-cd48-7731-9df0-4e325119d96d","0192ced0-949e-71e3-965b-28f84cc37437","{""messages"":[{""role"":""user"",""content"":[{""type"":""text"",""value"":""Mark Philippoussis ( Australia ) beat Andrei Olhovskiy ( Russia ) 6 - 3 6-4 6-2""}]}]}","{""raw"":""{\n    \""person\"": [\""Mark Philippoussis\"", \""Andrei Olhovskiy\""],\n    \""organization\"": [],\n    \""location\"": [\""Australia\"", \""Russia\""],\n    \""miscellaneous\"": []\n}"",""parsed"":{""person"":[""Mark Philippoussis"",""Andrei Olhovskiy""],""organization"":[],""location"":[""Australia"",""Russia""],""miscellaneous"":[]}}","{""$schema"":""http://json-schema.org/draft-07/schema#"",""type"":""object"",""properties"":{""person"":{""type"":""array"",""items"":{""type"":""string""}},""organization"":{""type"":""array"",""items"":{""type"":""string""}},""location"":{""type"":""array"",""items"":{""type"":""string""}},""miscellaneous"":{""type"":""array"",""items"":{""type"":""string""}}},""required"":[""person"",""organization"",""location"",""miscellaneous""],""additionalProperties"":false}","{}","",false,"2025-02-19 00:25:29"
"foo","extract_entities","0193994e-5560-7610-a3a0-45fdd59338aa","0192ced0-949d-7063-900d-a4a6d3b4003b","{""messages"":[{""role"":""user"",""content"":[{""type"":""text"",""value"":""Brown threw 119 pitches and won for the third time in as many starts against the Reds this season .""}]}]}","{""raw"":""{\""person\"":[\""Brown\""],\""organization\"":[\""Reds\""],\""location\"":[],\""miscellaneous\"":[]}"",""parsed"":{""person"":[""Brown""],""organization"":[""Reds""],""location"":[],""miscellaneous"":[]}}","{""$schema"":""http://json-schema.org/draft-07/schema#"",""type"":""object"",""properties"":{""person"":{""type"":""array"",""items"":{""type"":""string""}},""organization"":{""type"":""array"",""items"":{""type"":""string""}},""location"":{""type"":""array"",""items"":{""type"":""string""}},""miscellaneous"":{""type"":""array"",""items"":{""type"":""string""}}},""required"":[""person"",""organization"",""location"",""miscellaneous""],""additionalProperties"":false}","{}","",false,"2025-02-19 00:25:29"
"foo","extract_entities","01939a16-b258-71e1-a467-183001c1952c","0192ced0-949f-7193-8e91-baeb174781be","{""messages"":[{""role"":""user"",""content"":[{""type"":""text"",""value"":""AL-RAM , West Bank 1996-08-30""}]}]}","{""raw"":""{\""person\"":[],\""organization\"":[],\""location\"":[\""AL-RAM\"",\""West Bank\""],\""miscellaneous\"":[]}"",""parsed"":{""person"":[],""organization"":[],""location"":[""AL-RAM"",""West Bank""],""miscellaneous"":[]}}","{""$schema"":""http://json-schema.org/draft-07/schema#"",""type"":""object"",""properties"":{""person"":{""type"":""array"",""items"":{""type"":""string""}},""organization"":{""type"":""array"",""items"":{""type"":""string""}},""location"":{""type"":""array"",""items"":{""type"":""string""}},""miscellaneous"":{""type"":""array"",""items"":{""type"":""string""}}},""required"":[""person"",""organization"",""location"",""miscellaneous""],""additionalProperties"":false}","{}","",false,"2025-02-19 00:25:29"
"foo","extract_entities","0193602b-d2a8-7833-a536-32745fc3915e","0192ced0-a2c6-7323-be23-ce66bf0ae2aa","{""messages"":[{""role"":""user"",""content"":[{""type"":""text"",""value"":""6. Oksana Grichina ( Russia ) 36.242""}]}]}","{""raw"":""{\""person\"":[\""Oksana Grichina\""],\""organization\"":[],\""location\"":[\""Russia\""],\""miscellaneous\"":[]}"",""parsed"":{""person"":[""Oksana Grichina""],""organization"":[],""location"":[""Russia""],""miscellaneous"":[]}}","{""$schema"":""http://json-schema.org/draft-07/schema#"",""type"":""object"",""properties"":{""person"":{""type"":""array"",""items"":{""type"":""string""}},""organization"":{""type"":""array"",""items"":{""type"":""string""}},""location"":{""type"":""array"",""items"":{""type"":""string""}},""miscellaneous"":{""type"":""array"",""items"":{""type"":""string""}}},""required"":[""person"",""organization"",""location"",""miscellaneous""],""additionalProperties"":false}","{}","",false,"2025-02-19 00:25:29"
"foo","extract_entities","01939243-10a8-7be3-a810-038bd68a723f","0192ced0-949f-7193-8e91-bb35bd5ad521","{""messages"":[{""role"":""user"",""content"":[{""type"":""text"",""value"":""GERMANY - Bunds extended losses , flirting with session lows after falling victim to sharply higher U.S. economic data which revived fears that interest rates may soon turn higher .""}]}]}","{""raw"":""{\""person\"":[],\""organization\"":[],\""location\"":[\""GERMANY\"",\""U.S.\""],\""miscellaneous\"":[]}"",""parsed"":{""person"":[],""organization"":[],""location"":[""GERMANY"",""U.S.""],""miscellaneous"":[]}}","{""$schema"":""http://json-schema.org/draft-07/schema#"",""type"":""object"",""properties"":{""person"":{""type"":""array"",""items"":{""type"":""string""}},""organization"":{""type"":""array"",""items"":{""type"":""string""}},""location"":{""type"":""array"",""items"":{""type"":""string""}},""miscellaneous"":{""type"":""array"",""items"":{""type"":""string""}}},""required"":[""person"",""organization"",""location"",""miscellaneous""],""additionalProperties"":false}","{}","",false,"2025-02-19 00:25:29"
"foo","extract_entities","019353a6-0328-71d0-aa20-13641ec8c85a","0192ced0-a2c7-7c83-96e1-bdb9a47cf559","{""messages"":[{""role"":""user"",""content"":[{""type"":""text"",""value"":""Brechin 3 0 3 0 2 2 3""}]}]}","{""raw"":""{\""person\"":[],\""organization\"":[\""Brechin\""],\""location\"":[],\""miscellaneous\"":[]}"",""parsed"":{""person"":[],""organization"":[""Brechin""],""location"":[],""miscellaneous"":[]}}","{""$schema"":""http://json-schema.org/draft-07/schema#"",""type"":""object"",""properties"":{""person"":{""type"":""array"",""items"":{""type"":""string""}},""organization"":{""type"":""array"",""items"":{""type"":""string""}},""location"":{""type"":""array"",""items"":{""type"":""string""}},""miscellaneous"":{""type"":""array"",""items"":{""type"":""string""}}},""required"":[""person"",""organization"",""location"",""miscellaneous""],""additionalProperties"":false}","{}","",false,"2025-02-19 00:25:29"
"foo","extract_entities","01937f7a-5968-7272-ad37-9021700440e4","0192ced0-9496-71d1-9722-cf5de87c845f","{""messages"":[{""role"":""user"",""content"":[{""type"":""text"",""value"":""Mark Philippoussis ( Australia ) beat Andrei Olhovskiy ( Russia ) 6 - 3 6-4 6-2""}]}]}","{""raw"":""{\""person\"":[\""Mark Philippoussis\"",\""Andrei Olhovskiy\""],\""organization\"":[],\""location\"":[\""Australia\"",\""Russia\""],\""miscellaneous\"":[]}"",""parsed"":{""person"":[""Mark Philippoussis"",""Andrei Olhovskiy""],""organization"":[],""location"":[""Australia"",""Russia""],""miscellaneous"":[]}}","{""$schema"":""http://json-schema.org/draft-07/schema#"",""type"":""object"",""properties"":{""person"":{""type"":""array"",""items"":{""type"":""string""}},""organization"":{""type"":""array"",""items"":{""type"":""string""}},""location"":{""type"":""array"",""items"":{""type"":""string""}},""miscellaneous"":{""type"":""array"",""items"":{""type"":""string""}}},""required"":[""person"",""organization"",""location"",""miscellaneous""],""additionalProperties"":false}","{}","",false,"2025-02-19 00:25:29"
"foo","extract_entities","01934fbc-3250-7571-ad38-041f27ffa3f9","0192ced0-a2c8-7f73-9b38-da82351b91b1","{""messages"":[{""role"":""user"",""content"":[{""type"":""text"",""value"":""287 Ian Woosnam 70 76 71 70""}]}]}","{""raw"":""{\""person\"":[\""Ian Woosnam\""],\""organization\"":[],\""location\"":[],\""miscellaneous\"":[]}"",""parsed"":{""person"":[""Ian Woosnam""],""organization"":[],""location"":[],""miscellaneous"":[]}}","{""$schema"":""http://json-schema.org/draft-07/schema#"",""type"":""object"",""properties"":{""person"":{""type"":""array"",""items"":{""type"":""string""}},""organization"":{""type"":""array"",""items"":{""type"":""string""}},""location"":{""type"":""array"",""items"":{""type"":""string""}},""miscellaneous"":{""type"":""array"",""items"":{""type"":""string""}}},""required"":[""person"",""organization"",""location"",""miscellaneous""],""additionalProperties"":false}","{}","",false,"2025-02-19 00:25:29"
"foo","extract_entities","0193514c-ec40-7911-ad63-460bb9c861e1","0192ced0-a2b5-7d90-a4b7-eac823d55636","{""messages"":[{""role"":""user"",""content"":[{""type"":""text"",""value"":""9. Mauricio Gugelmin ( Brazil ) , Reynard Ford Cosworth , 54.762""}]}]}","{""raw"":""{\""person\"":[\""Mauricio Gugelmin\""],\""organization\"":[\""Reynard Ford Cosworth\""],\""location\"":[\""Brazil\""],\""miscellaneous\"":[]}"",""parsed"":{""person"":[""Mauricio Gugelmin""],""organization"":[""Reynard Ford Cosworth""],""location"":[""Brazil""],""miscellaneous"":[]}}","{""$schema"":""http://json-schema.org/draft-07/schema#"",""type"":""object"",""properties"":{""person"":{""type"":""array"",""items"":{""type"":""string""}},""organization"":{""type"":""array"",""items"":{""type"":""string""}},""location"":{""type"":""array"",""items"":{""type"":""string""}},""miscellaneous"":{""type"":""array"",""items"":{""type"":""string""}}},""required"":[""person"",""organization"",""location"",""miscellaneous""],""additionalProperties"":false}","{}","",false,"2025-02-19 00:25:29"
"foo","extract_entities","01937ac8-2b98-7753-ae0f-071b84403ce4","0192ced0-a2c6-7323-be23-ce7f39c0f76d","{""messages"":[{""role"":""user"",""content"":[{""type"":""text"",""value"":""The reports fanned worries on Wall Street that the Fed , the nation 's central bank , would raise rates next month in a bid to ward off inflation , driving stock and bond prices sharply lower for a second day running .""}]}]}","{""raw"":""{\""person\"":[],\""organization\"":[\""Fed\""],\""location\"":[\""Wall Street\""],\""miscellaneous\"":[]}"",""parsed"":{""person"":[],""organization"":[""Fed""],""location"":[""Wall Street""],""miscellaneous"":[]}}","{""$schema"":""http://json-schema.org/draft-07/schema#"",""type"":""object"",""properties"":{""person"":{""type"":""array"",""items"":{""type"":""string""}},""organization"":{""type"":""array"",""items"":{""type"":""string""}},""location"":{""type"":""array"",""items"":{""type"":""string""}},""miscellaneous"":{""type"":""array"",""items"":{""type"":""string""}}},""required"":[""person"",""organization"",""location"",""miscellaneous""],""additionalProperties"":false}","{}","",false,"2025-02-19 00:25:29"
"foo","extract_entities","019388de-b508-7a80-b0eb-9bb33ea39a8b","0192ced0-949d-7063-900d-a543e944a78e","{""messages"":[{""role"":""user"",""content"":[{""type"":""text"",""value"":""East Stirling 3 0 2 1 3 4 2""}]}]}","{""raw"":""{\""person\"":[],\""organization\"":[\""East Stirling\""],\""location\"":[],\""miscellaneous\"":[]}"",""parsed"":{""person"":[],""organization"":[""East Stirling""],""location"":[],""miscellaneous"":[]}}","{""$schema"":""http://json-schema.org/draft-07/schema#"",""type"":""object"",""properties"":{""person"":{""type"":""array"",""items"":{""type"":""string""}},""organization"":{""type"":""array"",""items"":{""type"":""string""}},""location"":{""type"":""array"",""items"":{""type"":""string""}},""miscellaneous"":{""type"":""array"",""items"":{""type"":""string""}}},""required"":[""person"",""organization"",""location"",""miscellaneous""],""additionalProperties"":false}","{}","",false,"2025-02-19 00:25:29"
"foo","extract_entities","01937b90-8890-7c72-b226-a3e246d3015f","0192ced0-9487-7c42-a0e9-3914a74eb32b","{""messages"":[{""role"":""user"",""content"":[{""type"":""text"",""value"":""Brown threw 119 pitches and won for the third time in as many starts against the Reds this season .""}]}]}","{""raw"":""{\""person\"":[\""Brown\""],\""organization\"":[\""Reds\""],\""location\"":[],\""miscellaneous\"":[]}"",""parsed"":{""person"":[""Brown""],""organization"":[""Reds""],""location"":[],""miscellaneous"":[]}}","{""$schema"":""http://json-schema.org/draft-07/schema#"",""type"":""object"",""properties"":{""person"":{""type"":""array"",""items"":{""type"":""string""}},""organization"":{""type"":""array"",""items"":{""type"":""string""}},""location"":{""type"":""array"",""items"":{""type"":""string""}},""miscellaneous"":{""type"":""array"",""items"":{""type"":""string""}}},""required"":[""person"",""organization"",""location"",""miscellaneous""],""additionalProperties"":false}","{}","",false,"2025-02-19 00:25:29"
"foo","extract_entities","01938fe9-f9c0-7c22-b5d2-a5414d552bfa","0192ced0-949f-7193-8e91-bad56cc63624","{""messages"":[{""role"":""user"",""content"":[{""type"":""text"",""value"":""Mark Philippoussis ( Australia ) beat Andrei Olhovskiy ( Russia ) 6 - 3 6-4 6-2""}]}]}","{""raw"":""{\""person\"":[\""Mark Philippoussis\"",\""Andrei Olhovskiy\""],\""organization\"":[],\""location\"":[\""Australia\"",\""Russia\""],\""miscellaneous\"":[]}"",""parsed"":{""person"":[""Mark Philippoussis"",""Andrei Olhovskiy""],""organization"":[],""location"":[""Australia"",""Russia""],""miscellaneous"":[]}}","{""$schema"":""http://json-schema.org/draft-07/schema#"",""type"":""object"",""properties"":{""person"":{""type"":""array"",""items"":{""type"":""string""}},""organization"":{""type"":""array"",""items"":{""type"":""string""}},""location"":{""type"":""array"",""items"":{""type"":""string""}},""miscellaneous"":{""type"":""array"",""items"":{""type"":""string""}}},""required"":[""person"",""organization"",""location"",""miscellaneous""],""additionalProperties"":false}","{}","",false,"2025-02-19 00:25:29"
"foo","extract_entities","0193949c-2790-7d90-b6b2-96afebdd6640","0192ced0-949e-71e3-965b-2873dc17e120","{""messages"":[{""role"":""user"",""content"":[{""type"":""text"",""value"":""\"" All concerned must avoid taking any course of action that could pose an obstacle to the peace process and which could make a peaceful solution difficult , \"" he said , as news came of a renewed breakdown in Arab-Israeli peace talks in Jerusalem .""}]}]}","{""raw"":""{\""person\"":[],\""organization\"":[],\""location\"":[\""Jerusalem\""],\""miscellaneous\"":[\""Arab-Israeli\""]}"",""parsed"":{""person"":[],""organization"":[],""location"":[""Jerusalem""],""miscellaneous"":[""Arab-Israeli""]}}","{""$schema"":""http://json-schema.org/draft-07/schema#"",""type"":""object"",""properties"":{""person"":{""type"":""array"",""items"":{""type"":""string""}},""organization"":{""type"":""array"",""items"":{""type"":""string""}},""location"":{""type"":""array"",""items"":{""type"":""string""}},""miscellaneous"":{""type"":""array"",""items"":{""type"":""string""}}},""required"":[""person"",""organization"",""location"",""miscellaneous""],""additionalProperties"":false}","{}","",false,"2025-02-19 00:25:29"
"foo","extract_entities","01936e42-5c18-7da1-b978-ceb15ca7da1b","0192ced0-a2c5-7e21-97da-46f63636f008","{""messages"":[{""role"":""user"",""content"":[{""type"":""text"",""value"":""Adams and Platt are both injured and will miss England 's opening World Cup qualifier against Moldova on Sunday .""}]}]}","{""raw"":""{\""person\"":[\""Adams\"",\""Platt\""],\""organization\"":[],\""location\"":[\""England\"",\""Moldova\""],\""miscellaneous\"":[\""World Cup\""]}"",""parsed"":{""person"":[""Adams"",""Platt""],""organization"":[],""location"":[""England"",""Moldova""],""miscellaneous"":[""World Cup""]}}","{""$schema"":""http://json-schema.org/draft-07/schema#"",""type"":""object"",""properties"":{""person"":{""type"":""array"",""items"":{""type"":""string""}},""organization"":{""type"":""array"",""items"":{""type"":""string""}},""location"":{""type"":""array"",""items"":{""type"":""string""}},""miscellaneous"":{""type"":""array"",""items"":{""type"":""string""}}},""required"":[""person"",""organization"",""location"",""miscellaneous""],""additionalProperties"":false}","{}","",false,"2025-02-19 00:25:29"
"foo","extract_entities","01935920-8df0-74e0-ba96-e105119968d5","0192ced0-a2c6-7323-be23-cdc9057a9534","{""messages"":[{""role"":""user"",""content"":[{""type"":""text"",""value"":""\"" I told Monica we need her if we want to win , \"" King said .""}]}]}","{""raw"":""{\""person\"":[\""Monica\"",\""King\""],\""organization\"":[],\""location\"":[],\""miscellaneous\"":[]}"",""parsed"":{""person"":[""Monica"",""King""],""organization"":[],""location"":[],""miscellaneous"":[]}}","{""$schema"":""http://json-schema.org/draft-07/schema#"",""type"":""object"",""properties"":{""person"":{""type"":""array"",""items"":{""type"":""string""}},""organization"":{""type"":""array"",""items"":{""type"":""string""}},""location"":{""type"":""array"",""items"":{""type"":""string""}},""miscellaneous"":{""type"":""array"",""items"":{""type"":""string""}}},""required"":[""person"",""organization"",""location"",""miscellaneous""],""additionalProperties"":false}","{}","",false,"2025-02-19 00:25:29"
"foo","extract_entities","01936fd3-1608-7e63-bc3f-55ccc861d386","0192ced0-a2c7-7c83-96e1-bdcaf1460b49","{""messages"":[{""role"":""user"",""content"":[{""type"":""text"",""value"":""Natalia Karimova ( Russia ) 3:40.036 beat Yvonne McGregor""}]}]}","{""raw"":""{\n    \""person\"": [\""Natalia Karimova\"", \""Yvonne McGregor\""],\n    \""organization\"": [],\n    \""location\"": [\""Russia\""],\n    \""miscellaneous\"": []\n}"",""parsed"":{""person"":[""Natalia Karimova"",""Yvonne McGregor""],""organization"":[],""location"":[""Russia""],""miscellaneous"":[]}}","{""$schema"":""http://json-schema.org/draft-07/schema#"",""type"":""object"",""properties"":{""person"":{""type"":""array"",""items"":{""type"":""string""}},""organization"":{""type"":""array"",""items"":{""type"":""string""}},""location"":{""type"":""array"",""items"":{""type"":""string""}},""miscellaneous"":{""type"":""array"",""items"":{""type"":""string""}}},""required"":[""person"",""organization"",""location"",""miscellaneous""],""additionalProperties"":false}","{}","",false,"2025-02-19 00:25:29"
"foo","extract_entities","0193930b-6da0-7fa2-be87-9603d2bde664","0192ced0-949e-71e3-965b-28e9465cd560","{""messages"":[{""role"":""user"",""content"":[{""type"":""text"",""value"":""times in seconds ) :""}]}]}","{""raw"":""{\""person\"":[],\""organization\"":[],\""location\"":[],\""miscellaneous\"":[]}"",""parsed"":{""person"":[],""organization"":[],""location"":[],""miscellaneous"":[]}}","{""$schema"":""http://json-schema.org/draft-07/schema#"",""type"":""object"",""properties"":{""person"":{""type"":""array"",""items"":{""type"":""string""}},""organization"":{""type"":""array"",""items"":{""type"":""string""}},""location"":{""type"":""array"",""items"":{""type"":""string""}},""miscellaneous"":{""type"":""array"",""items"":{""type"":""string""}}},""required"":[""person"",""organization"",""location"",""miscellaneous""],""additionalProperties"":false}","{}","",false,"2025-02-19 00:25:29"
